3 1 0
7 5 4
12 14 13
16 18 17
31 29 28
35 33 32
36 38 37
20 22 19
24 26 23
40 42 41
47 45 44
51 49 48
52 54 53
59 57 56
28 61 60
65 63 62
66 5 67
71 69 68
75 73 72
76 78 77
80 82 81
58 85 84
87 89 88
95 93 92
99 97 96
100 102 101
105 33 86
107 114 106
116 35 117
123 125 124
130 128 127
131 133 132
141 139 138
147 59 146
143 126 123
148 150 149
155 153 152
158 157 156
115 163 104
170 168 167
173 172 171
178 180 179
185 187 186
193 195 194
198 138 197
205 207 206
212 210 209
201 213 200
95 215 53
91 42 43
96 245 99
249 228 227
251 57 252
257 255 254
259 228 258
109 111 112
113 262 108
264 266 265
55 269 268
273 248 249
184 62 63
279 277 275
284 282 156
287 210 211
140 91 45
288 174 175
147 104 105
311 169 170
237 41 42
317 159 316
309 307 306
240 324 323
159 239 316
46 306 307
107 314 163
344 85 118
347 349 348
355 357 356
354 352 351
362 31 361
148 149 175
363 252 364
365 367 366
182 370 62
162 160 159
208 100 207
377 164 165
378 380 379
382 2 3
283 385 384
386 388 387
390 228 248
72 396 395
404 406 405
202 410 409
413 412 411
0 356 3
276 130 274
253 56 57
357 414 350
416 385 407
400 191 419
418 126 142
420 181 421
102 301 408
427 367 173
379 358 355
61 265 322
139 430 429
356 350 347
355 378 379
414 402 433
436 435 434
437 439 438
187 449 448
451 453 452
264 180 420
223 63 224
236 212 426
274 127 457
280 459 458
49 78 460
72 281 280
467 465 464
389 351 358
481 483 482
488 486 485
492 494 493
471 469 468
501 499 498
219 221 222
511 142 65
517 510 79
512 229 285
204 30 243
188 450 187
162 531 7
532 224 250
445 446 411
334 539 333
543 545 544
328 290 291
198 261 237
384 415 549
531 190 246
362 117 242
235 236 249
577 579 578
572 570 569
560 561 271
240 258 239
589 591 590
544 594 593
502 154 503
605 623 622
477 479 478
645 647 646
589 688 683
563 650 649
727 183 726
713 715 714
691 574 692
540 580 577
345 247 399
160 229 159
127 93 94
697 703 702
573 575 574
289 400 327
629 724 725
732 734 733
754 495 492
758 480 759
756 761 760
763 465 466
767 3807 3808
758 487 488
491 474 770
473 768 472
772 464 771
770 485 482
483 774 490
773 488 485
494 763 755
494 760 493
136 783 135
324 796 546
164 50 51
368 28 369
729 567 568
89 300 88
242 515 241
799 805 804
816 807 815
815 822 821
305 446 806
814 808 807
828 827 824
725 500 501
273 423 422
878 880 879
883 878 884
218 216 210
905 903 896
454 204 541
897 829 828
902 879 880
905 896 897
376 518 164
922 947 945
945 950 949
3518 738 3516
899 885 879
224 64 143
181 441 421
808 946 823
953 961 960
926 964 965
884 879 885
924 965 966
342 340 339
964 970 967
967 969 968
971 968 972
962 980 977
335 337 338
991 826 827
809 995 958
1006 1001 1007
1011 826 1008
1010 1006 1007
293 291 290
906 919 918
1016 1018 1017
1019 1021 1020
1034 1019 1043
1060 1046 1045
1062 1045 1061
1043 1020 1044
1101 1096 1108
1115 1117 1116
1015 1013 1012
880 903 902
815 1126 816
1093 948 1096
513 166 514
145 80 81
1132 1129 1128
1101 1125 821
821 1115 815
1144 1147 1135
1075 1150 1068
1147 1085 1086
1108 1113 1135
1153 1155 1154
1152 966 1155
3463 462 3713
1143 1151 1150
1155 1162 1161
1163 1168 1164
1144 1175 1146
1113 1153 1170
1182 1163 1176
1183 1176 1184
1068 1061 1063
1022 1193 1021
1161 1169 1168
1194 1184 1190
1182 1175 1154
1200 1151 1195
1060 1200 1201
3824 842 3835
1202 1194 1033
1201 1183 1194
1217 1202 1216
1059 1201 1202
1224 1216 1218
670 693 669
1218 1023 1034
1216 1033 1023
1225 1014 1226
1242 1233 1232
1230 1228 1227
846 1232 842
842 1243 877
1232 1244 1243
1922 232 215
2099 498 499
3913 2134 3899
60 322 504
209 216 456
1298 1308 1299
3862 1230 3861
1065 1320 1321
1321 1227 1228
1059 1320 1046
1324 1322 1309
1243 1331 1329
1289 1241 1287
1336 1338 1337
1329 1339 1338
1340 1244 1293
1341 1331 1340
1342 1340 1343
1343 1293 1292
3856 1344 1345
1346 1341 1342
3855 1294 1344
1348 1347 1346
3860 1346 3852
3852 1342 3856
905 828 1352
904 1352 1353
864 1354 1356
1354 828 824
1356 824 825
1355 1352 1354
3833 1337 3832
865 1355 864
1357 1353 1355
3827 1336 3833
837 1011 840
1362 1337 1338
1367 1338 1339
1347 1339 1341
1370 3823 3828
523 525 522
527 529 526
1371 1368 1370
534 536 537
1366 1347 1349
1369 1358 1368
1368 3832 3823
1372 902 903
554 556 557
1373 909 1372
1372 904 1374
1373 1374 1375
1374 1353 1369
1377 907 1376
375 650 1386
1387 972 968
585 587 584
1389 1387 1390
1390 968 969
596 598 595
599 601 602
1391 969 978
607 609 606
611 522 610
613 615 612
616 24 23
619 621 618
1396 1390 1391
1397 1391 1398
1399 919 1377
1401 1164 1168
635 637 634
929 1401 928
640 642 643
928 1168 1169
1403 1402 1401
1410 1364 1405
1411 1414 1413
651 653 654
608 656 657
658 660 661
557 585 584
664 666 663
1412 1405 1411
1417 3809 3812
1416 1370 1415
1415 3828 3809
1418 1415 1417
1385 1373 1419
676 678 675
1384 1419 1420
1419 1375 1421
684 686 687
1420 1421 1422
527 690 657
1421 1371 1416
1017 746 1424
698 700 701
1423 578 1016
3662 1766 3659
699 710 711
1092 3753 1570
716 529 718
720 722 719
703 3542 3553
18 1425 1429
1428 1426 1425
1657 3541 3543
1438 1433 1437
1436 1434 1433
1425 1432 1431
1441 1431 1439
741 743 744
1431 1440 1439
750 752 749
1437 1402 1404
1445 1443 1442
1446 1445 1442
3859 1442 3847
1414 1444 1445
1413 1445 1447
2172 468 469
776 778 685
779 781 782
1675 1805 1674
3858 1348 3860
788 790 787
744 792 741
651 794 652
1454 1456 1455
1453 1349 1451
609 801 800
3830 697 702
1351 1044 1350
1014 1458 1459
810 812 813
2117 3816 2116
818 820 817
1465 1193 1189
1466 1464 1465
1181 1467 1466
831 832 830
834 836 833
1466 1189 1181
1468 1443 1444
839 711 689
1452 1468 1453
598 844 845
1225 3848 3854
850 852 849
854 855 853
857 859 856
860 862 863
1013 3854 3857
866 867 868
869 871 872
873 875 876
1309 1470 1308
1475 1426 1474
1460 1474 1459
886 888 889
787 891 890
893 895 892
1459 1226 1014
900 523 611
1464 1476 1463
1864 3499 1863
910 912 913
915 917 914
1849 3506 1850
920 894 893
1478 1435 1477
925 666 600
1480 562 1479
268 83 1481
930 932 915
933 613 868
935 687 936
937 661 938
1483 121 122
940 834 833
319 508 509
1848 3504 1849
83 1483 82
1486 1487 538
1756 3501 3508
364 1490 363
460 79 510
116 361 1495
1493 540 1494
925 956 957
1476 1432 1475
1708 1584 1699
118 1495 344
270 503 155
510 188 185
344 1491 364
254 343 253
56 298 131
1500 267 1499
266 1498 144
973 975 976
1677 1692 1675
3845 1806 3839
556 662 557
982 983 984
1442 3848 3847
420 267 264
988 990 987
1489 417 1503
278 308 309
996 675 678
997 998 874
1503 37 1504
1505 1506 1485
359 1507 1505
1505 206 359
938 1005 937
269 1482 268
65 545 511
1009 792 934
366 436 1508
243 362 242
1669 3533 1668
208 1509 225
234 1511 1510
1510 233 234
387 425 424
426 249 236
160 520 230
99 44 43
1024 607 1026
1028 1030 1027
938 1032 1031
40 593 98
1035 782 1036
701 1037 1038
1039 1041 1042
361 368 1492
186 476 185
69 538 197
1510 1520 233
1048 602 1047
612 868 613
859 1050 856
1004 1052 1005
752 1055 1053
1056 1058 1054
292 1521 291
287 1520 1521
291 1522 328
330 1507 1523
305 452 304
99 40 98
461 77 78
329 1523 461
634 1067 635
1484 1525 1527
205 1527 1509
1069 1071 830
941 1072 1073
915 1074 916
439 1529 438
156 1513 284
1528 4 1529
370 545 62
789 662 790
1076 856 1077
1402 1434 1164
1079 1081 1078
530 1528 439
20 1083 1084
271 1530 560
136 395 396
689 801 690
334 3566 580
1089 1028 1090
1091 793 1041
1532 136 137
660 1094 1095
68 444 71
1098 1100 1097
37 1535 1504
1103 1105 1102
851 1107 852
1376 908 1385
290 410 293
315 515 32
538 1532 533
1504 315 312
1109 1111 1112
1538 459 263
521 1536 1538
833 1119 1118
1121 1123 1120
611 1040 900
934 614 613
275 129 130
1685 3521 1684
192 1540 272
230 1539 286
555 981 556
364 84 344
189 317 1540
1809 3573 3527
3923 3511 3790
1131 984 1130
207 101 131
1133 661 660
1490 79 76
428 1541 146
1136 914 917
171 427 173
1138 1140 1141
548 53 54
1516 1517 295
975 1145 937
833 983 940
1542 285 114
1543 238 512
132 1543 1541
505 256 257
419 327 400
1157 1159 1156
586 1102 587
1512 1513 150
606 1026 607
303 1544 302
363 76 505
68 197 138
1005 975 937
699 1111 700
3876 3524 3786
1165 656 655
1166 857 1076
1299 3523 1298
1171 1173 1174
217 199 216
1178 1180 1177
371 96 97
88 226 87
1185 1187 1188
171 1516 1548
1481 80 1497
1089 1192 1029
393 352 1550
525 1197 1196
810 857 811
1198 1025 1024
605 696 695
1203 1205 742
1206 522 525
1208 866 612
913 684 935
1477 1440 1476
1028 1160 1090
1210 1212 1213
3857 1450 3858
843 1215 844
422 272 273
1219 1221 1082
21 1223 22
881 896 880
1518 172 386
1188 1231 1177
348 549 415
1070 1235 1071
1236 1238 744
1220 1188 1239
1509 1511 332
938 1240 1004
1555 4 66
1552 393 1550
403 66 346
1246 1248 1245
141 237 91
1250 634 1249
849 1252 850
1253 1076 1254
56 132 428
442 551 550
1186 1174 1187
1255 830 832
431 381 382
740 746 745
433 350 414
348 382 347
250 1480 1479
394 351 352
1517 1549 1550
1557 377 339
108 313 314
284 1512 406
394 392 391
201 409 1557
416 404 431
1245 1257 1246
2 296 1
1258 1260 1261
402 346 283
954 952 951
461 50 329
1095 686 1262
428 59 56
895 1264 931
1266 1267 1265
422 326 419
36 179 39
19 1186 1185
1255 1070 1069
154 155 503
1187 1268 1231
1235 1270 1261
1271 534 620
564 462 463
1272 744 1238
875 1254 1273
315 163 314
436 502 1508
193 1494 196
1274 863 862
623 630 629
1276 1136 1277
568 566 565
1480 124 365
323 546 325
1278 1106 1279
1524 328 1522
1280 1136 917
170 1552 1551
1487 395 1532
1556 1561 1558
1281 1205 1204
1052 1277 1280
777 606 1282
712 3565 3568
250 143 123
3 347 382
708 706 705
727 44 245
260 1562 543
788 1286 789
73 262 281
402 384 433
1177 1239 1188
1222 1288 1223
157 149 150
1219 1185 1220
295 353 432
783 1537 1565
1180 1290 1221
1268 1256 1245
1565 437 398
135 1565 1563
1562 168 1564
106 108 107
1296 1297 1295
1463 1475 1460
1519 506 507
1300 1302 1303
1305 1307 1304
174 1531 271
1531 199 200
1310 1311 1312
871 1314 1315
1316 1317 1318
3835 877 3827
1304 863 1275
1039 862 1319
1563 398 168
591 1574 590
590 1087 688
1580 1582 1581
1195 1146 1175
709 582 712
284 407 385
952 960 962
1593 1588 1592
1584 1586 1585
1591 1589 1588
3884 943 3898
1599 1597 1596
1603 1601 1600
1398 978 979
1588 1595 1594
1609 1607 1606
297 360 359
550 275 276
1626 3813 3818
858 817 859
1077 1327 1328
1554 1529 1555
571 679 680
771 775 773
976 917 916
403 391 392
1053 749 752
1643 1642 1641
931 1081 932
1066 1333 1067
1539 263 113
596 642 1335
470 761 469
1641 3830 3841
1643 3841 3842
922 949 926
95 547 94
519 521 520
444 442 441
848 847 841
479 754 492
1645 480 1638
310 1566 169
463 3496 3494
3496 1360 3494
233 235 234
189 191 190
152 151 148
230 285 229
1551 1550 1549
759 1647 487
3831 1648 3829
827 825 824
51 165 164
1662 1660 1659
286 114 285
667 669 668
633 639 638
552 558 553
117 32 515
491 490 489
3551 1650 3552
581 583 582
383 391 414
1380 1382 1379
1561 434 435
951 950 946
3528 582 583
1659 1666 1665
1393 1395 1392
1659 1663 1662
1670 1668 1667
1623 1672 1671
1406 1408 1409
1676 1674 1673
1612 1676 1624
1678 1675 1676
1625 3810 3813
533 197 538
175 149 158
802 733 799
399 190 191
64 142 143
3525 1655 3539
401 156 282
628 626 625
460 48 49
757 494 755
795 785 784
405 1512 1559
341 165 166
1693 1657 1694
1691 1693 1695
3556 1651 3551
3920 1702 3922
325 301 89
3915 1701 1705
3918 1697 1700
1698 3926 3917
1556 1559 1560
1126 1116 1127
399 288 345
1705 1706 1707
1706 1598 1599
1708 1707 1587
1713 1710 1712
3918 1708 1699
1703 1576 1702
1715 1712 1714
1558 1548 296
1721 1719 1718
1334 595 1488
409 376 377
972 1162 971
167 398 397
1570 1088 1092
1571 681 1570
748 646 753
1729 1722 1728
1593 1728 1591
1728 1590 1591
1730 1729 1582
1383 1376 1378
1731 1711 1713
1723 1730 1731
1711 1730 1579
1721 1731 1732
1720 1732 1733
1733 1715 1716
1734 1735 1696
1732 1713 1715
1662 1740 1667
1741 1739 1742
1737 1736 1734
1664 1665 1739
1664 1743 1663
1724 1745 1744
1590 1744 1589
1589 1746 1595
1744 1747 1746
1658 3537 3541
3286 3544 3281
1184 1181 1189
1663 1748 1740
1740 1738 1737
1745 1742 1747
1725 1741 1745
1152 923 924
1114 1152 1153
1653 3574 1654
1895 3548 1685
1719 1743 1725
1720 1748 1719
1749 1700 1697
1696 1749 1695
1150 1062 1061
1750 1669 1670
1694 1751 1750
960 985 980
1769 1767 1766
1765 1592 1764
1730 1578 1579
1578 1773 1577
3927 1770 3928
1763 3927 3916
1776 1774 1773
3761 1698 1699
1003 1127 1002
1773 1770 1771
986 1398 979
1577 1771 1763
1782 1780 1777
1596 1769 1766
638 3894 3883
3927 1768 1769
1792 1788 1787
3928 1797 1768
3507 3772 1805
1801 3923 3921
1787 1793 1792
1792 1794 1775
3772 1674 1805
1583 1782 1788
1770 3919 3928
1800 1797 1799
1767 1797 1798
1774 1796 1770
507 514 1519
1795 1801 1796
1799 3919 3921
1793 1803 1794
3531 1751 3546
484 1806 774
3808 1639 767
3836 1809 1652
484 1639 1807
1689 3769 3771
486 1647 1810
3838 1815 3821
3837 1647 3829
3838 1810 3837
1811 486 1810
1640 766 767
464 754 775
766 3822 3807
3821 3825 3846
1808 1814 766
3836 1650 3839
674 3540 3495
1813 1821 1820
1820 3820 3819
1823 1648 1824
1826 1849 1804
1667 1661 1662
1778 1847 1827
1789 1804 1793
1832 1852 1851
3520 692 574
1613 1615 1616
1851 3497 3500
1619 1621 1622
1854 1573 1860
1846 3500 3512
1765 1854 1781
1628 1630 1627
1632 1633 1631
1634 1636 1637
1847 1851 1846
1854 1862 1861
1802 1866 1801
1861 1830 1831
1781 1861 1780
3921 1864 1799
1872 1869 1868
1873 798 803
2044 3896 2043
1218 1294 1224
1614 1395 1394
3883 1876 1875
644 3785 3558
1344 1034 1345
633 3883 3879
14 1326 13
3909 1877 1892
1893 604 1892
3505 626 692
3559 644 3558
339 453 1557
1896 194 1897
1888 1876 1889
1900 128 1899
195 753 231
1704 3920 3915
339 165 342
1569 562 560
1903 193 1896
1780 1831 1779
1904 54 1905
999 994 995
985 919 986
1190 1189 1193
2093 2074 2092
1919 1918 1914
452 1911 1910
1914 1917 1915
3881 2105 3900
1654 3530 1867
1915 1925 1924
703 3560 702
277 1924 1899
3564 1817 1819
1096 1114 1113
1926 726 1922
3577 3653 3757
1919 306 1928
1928 47 727
502 1496 1508
1901 786 795
1815 3819 3825
1924 1922 1923
1534 1567 1533
253 257 254
1508 365 366
118 34 35
218 292 293
140 46 430
541 243 244
1939 429 430
1778 1826 1789
1700 3914 3918
1660 3514 1666
269 753 646
196 748 195
1726 1211 1210
52 231 753
1464 1478 1477
1283 3853 1292
1950 411 412
167 1553 1552
1485 205 206
505 77 360
993 1006 992
950 962 963
1012 3860 1350
3825 1819 1817
1497 1953 1481
298 542 131
1753 1755 1752
1680 1682 1681
1695 1694 1696
12 737 736
472 474 473
481 767 1639
203 29 204
1760 819 818
610 1124 611
1500 1907 1908
1073 710 698
1959 81 82
119 1959 122
34 86 33
1772 1024 1030
1964 1568 1534
493 470 478
1965 1968 1967
445 1970 1966
173 124 125
1579 1577 1576
1784 1786 1783
1971 303 304
1253 874 998
1972 341 513
320 1972 508
1909 274 1906
508 513 507
1485 1526 1484
1973 803 1974
1976 1973 1977
1979 1965 1980
378 1 294
1717 1709 1700
883 991 882
1679 1677 1678
901 524 523
343 255 298
134 136 135
235 227 332
447 1966 1965
588 603 583
909 907 906
1980 1967 1986
1981 1986 1978
1987 1986 1988
1989 1988 1990
1990 1992 1991
321 319 318
991 829 882
1143 1085 1142
1994 1977 1993
1132 1117 1125
1996 1993 1995
869 1334 1488
804 1981 1997
726 1999 1998
1995 1987 1989
1993 1978 1987
1828 791 1272
1829 940 982
797 799 798
728 730 729
2010 2022 2021
1833 845 1158
401 283 346
2021 2023 2024
1837 988 987
809 951 808
1822 1839 643
1429 1431 1430
1214 1840 1078
148 175 176
1315 872 871
2111 1383 2105
1841 1843 1844
1158 844 1159
836 1845 1119
1970 2029 2026
516 369 188
857 832 811
1470 2026 1887
3550 625 626
2173 769 489
934 1853 1009
1612 1610 1617
1230 1224 1294
1855 890 891
1299 747 740
1149 1857 1858
1642 695 1641
1214 1263 1215
1319 901 900
1955 1943 1959
2030 668 1473
2033 1309 1298
1878 1655 1656
39 241 38
1991 2038 1455
887 956 888
1881 1995 1989
1077 1254 1076
1870 1191 1089
293 217 218
1322 2025 1470
122 82 1483
1323 2040 1322
383 358 351
1323 2037 2035
1882 1884 1828
286 113 106
1095 1133 660
914 930 915
805 1980 1981
3532 583 603
1424 2041 1017
1017 1947 1016
3561 739 3518
1947 648 645
1880 1989 1990
1899 129 277
991 993 992
922 924 923
3877 2046 3875
1642 624 605
2049 2050 2048
2044 1403 2046
3875 944 3884
1138 1078 1840
1036 891 981
2054 2056 2055
1197 717 716
1618 1611 1610
2057 1605 2058
2058 1606 2057
2057 1623 1604
70 178 36
404 1556 381
975 1005 976
321 1971 1910
2060 2062 2061
2065 2066 1824
2051 2063 2050
1608 2065 1646
1514 151 1515
1008 992 1006
1643 3814 2117
278 1915 277
1284 3861 1283
1646 1824 1648
2055 2066 2064
318 1952 1951
666 1912 1913
2069 624 2047
2051 2054 2062
2037 1654 1457
1605 2072 2071
1234 1269 1235
2071 2074 2073
2058 2071 2061
2073 2076 2075
1600 2077 2072
2048 1642 1644
999 1000 993
1088 683 688
1930 1305 1929
1461 1020 1021
1931 1933 1934
874 1845 997
1935 1936 1937
43 45 91
1533 1955 119
1540 316 390
2080 2083 2082
145 1958 299
1359 1941 1360
984 1031 1032
1994 1891 2042
2078 2081 2080
2094 2075 2076
2080 2077 2078
2054 2053 2052
500 2094 499
2096 2098 2097
2097 2093 2082
2139 3892 3865
2140 3893 3892
2050 2047 2048
591 2100 1575
2070 2075 2095
2101 2097 2100
592 2101 591
1018 745 746
1949 11 1326
724 2095 500
1384 2103 1378
1378 2105 1383
2106 2099 2096
3907 501 3895
3895 498 3900
939 2108 943
927 1169 972
3867 683 3898
1961 1963 1960
3877 572 3896
2038 1967 1968
1388 2109 2108
1397 2112 1396
3756 3752 3742
3910 2106 2102
948 923 1114
259 323 325
1389 2112 2109
2069 2063 2070
3866 2102 592
2104 1420 2113
2113 1422 2114
3891 2114 3902
3907 2113 3891
553 1901 552
971 966 965
1764 1572 1573
1983 1985 1982
2052 2068 2056
3572 723 713
1624 1673 1672
3880 2118 2121
3902 2122 3903
55 1905 54
625 3878 628
2000 2002 2003
3911 2126 3906
2005 2007 2008
2126 1411 2127
2013 2015 2016
2017 2019 2020
1494 1946 196
1378 1385 1384
3813 1679 1617
2028 1883 2027
3901 2119 3886
628 3913 3871
681 942 1088
723 2120 715
1756 3820 3844
764 3843 3808
3850 714 3851
705 3869 3871
980 986 979
1456 1655 1879
2016 2031 2032
1457 1867 1456
1775 1791 1792
1958 1945 1957
3662 3724 3660
3912 2121 3849
1092 688 1087
965 967 971
3851 3880 3912
2171 2169 2170
669 2136 668
3760 1902 232
1428 27 1448
963 977 970
3840 1412 2126
1472 668 2136
3833 1358 1357
2137 1869 2136
1871 2136 1869
714 3887 3880
1880 1991 1879
3842 738 739
1836 3512 3513
252 58 84
1807 3839 1806
1646 3817 1608
3864 670 667
2111 3882 2110
1404 2043 1437
3828 1363 1365
272 390 248
575 3519 3554
3874 667 2030
1429 2139 2138
2135 3859 27
1429 17 18
3892 569 694
1441 2045 2140
1430 2140 2139
3868 3849 2135
3807 1816 765
3865 694 670
2141 797 2137
570 2141 693
3818 1617 1610
2142 2024 2141
693 2137 669
680 2143 571
2143 2021 2142
327 456 289
1571 2010 2143
629 3902 623
2084 2086 2087
2089 2091 2088
571 2142 570
1874 2152 2148
1872 2148 2153
2102 2096 2101
2156 2154 2155
2127 1413 2119
3873 588 581
3871 627 628
2148 2157 2158
2158 3904 3889
697 3901 704
3822 3826 1816
2157 3873 3904
1437 2045 1438
2034 2159 2160
2160 3888 3885
3870 604 588
3872 17 3874
369 60 450
648 412 647
2152 2155 2157
1427 1448 1449
1489 72 1487
3889 709 632
2154 3890 3870
1455 1879 1991
2124 2086 2123
2159 3889 3888
299 504 322
1063 1045 1064
2042 1890 2154
2128 2003 2002
2130 2132 2133
3847 1449 1448
1997 803 804
3878 3863 3913
473 489 769
1163 1181 1176
706 3908 3869
707 2161 706
2161 3885 3908
547 1904 457
1144 1113 1170
704 1649 703
2042 1976 1994
736 553 558
1033 1190 1022
457 1906 274
194 231 232
2039 1968 1969
2144 2146 2147
2053 2048 1644
3831 1638 3817
8 10 9
251 505 257
471 478 470
1864 3790 3502
899 909 906
1940 2150 1941
1920 1926 1918
2162 1897 2115
270 152 177
1903 11 8
281 263 459
1871 2153 2034
1325 1896 2162
627 692 626
1723 1718 1722
1548 435 171
1581 1729 1728
1920 1928 1927
3562 9 10
2151 1949 1948
474 773 770
768 2170 472
2170 475 472
475 771 474
1790 463 1759
2165 2167 2168
594 371 97
482 1640 481
761 2172 469
770 483 491
485 1808 482
296 1516 295
762 2173 761
775 758 488
183 2175 1999
411 302 413
2004 184 223
3810 1681 3845
2163 755 763
1471 2160 2161
949 963 964
2176 2178 2179
226 1509 332
763 466 2163
2181 2183 2180
2185 2017 2184
1984 2180 1985
213 728 1530
1544 1545 1568
864 841 865
848 1356 1361
451 1557 453
558 3187 736
15 736 3187
559 497 373
3192 3194 3193
3199 3197 3198
3210 3212 3211
3214 3216 3215
2186 2001 2000
2168 2188 2189
2191 2084 2190
2192 2194 2195
2197 2199 2196
1997 1978 1974
3663 3667 3670
2115 1902 1901
1858 2008 1149
3903 2125 3905
1134 1086 1129
2200 2014 2013
1148 109 1857
3220 3217 3214
2202 2204 2205
578 1894 1018
1754 2207 1755
3890 1892 604
1210 2149 1726
867 2209 2208
943 929 939
2129 2201 2200
232 1897 194
664 749 665
1166 998 617
2210 2212 2213
2214 2216 2217
3866 589 3867
2219 219 2218
822 947 1093
3224 3226 3225
265 454 264
3881 2106 3882
2220 3518 3516
2222 2224 2225
2206 2123 2207
672 3868 3863
816 995 814
2226 2145 2144
1946 645 748
3899 16 3872
2228 1637 1380
1678 1617 1679
1636 2231 2229
2232 1616 1615
2230 2235 2236
1380 2237 1381
3585 2241 3586
1629 2232 1630
1680 471 468
1407 2242 2243
3235 3237 3236
3231 3239 3234
1636 2237 1637
3236 3232 3233
1408 1633 2244
1379 2246 2245
1627 2244 1620
2248 1621 1632
1631 1407 2243
2247 1630 2249
2234 1636 1635
3244 3198 3197
630 2070 724
514 51 48
781 2250 1250
2252 2254 2251
396 458 783
1455 2039 1454
2039 2035 1454
1400 2110 1397
2040 1969 2025
1534 413 1964
1585 2079 2078
2255 1131 1885
1699 3917 3918
3814 1685 3816
1262 1885 1095
597 843 598
2256 2258 2259
2257 2261 2258
2258 2262 2215
2259 2215 2214
1966 1969 1968
2211 1962 2212
921 2217 2216
1311 1100 2263
1306 1285 788
1547 1545 1971
2265 2267 2264
2264 2269 2268
2271 2268 2270
2272 2264 2271
2274 2276 2273
2277 2276 2278
2283 3616 3638
2286 2285 2280
2287 2282 2286
2289 3638 3619
2290 2292 2293
2294 2293 2278
2295 2290 2294
2296 2291 2290
2293 2298 2299
2278 2299 2277
2297 2301 2291
2291 2302 2292
2292 2303 2298
2303 2305 2298
2305 2299 2298
2307 2309 2306
2301 2309 2302
2300 2306 2301
2311 2306 2310
2312 2314 2315
2317 2319 2316
3747 2321 2322
2323 2272 2325
2312 2325 2326
2327 2312 2315
2328 2323 2327
2330 2332 2329
2329 2266 2265
2324 2265 2272
2328 2329 2324
2332 2334 2266
2335 2332 2331
2337 2331 2336
2330 2336 2331
2328 2338 2330
2327 2339 2328
2315 2340 2327
2341 2314 2342
2343 2345 2346
2340 2346 2339
2341 2343 2340
2347 2344 2343
2349 2351 2352
2338 2352 2336
2339 2349 2338
2346 2350 2349
2336 2353 2337
2352 2354 2353
2355 2275 2356
2355 2357 2358
2355 2295 2294
2278 2355 2294
2359 2269 2267
2266 2359 2267
2361 2363 2364
2361 2360 2357
2365 2357 2356
2365 2362 2361
2356 2367 2365
2365 2368 2366
2275 2369 2367
2367 2281 2368
2371 2373 2370
2374 2376 2006
2377 2379 2380
2381 2380 2382
2383 2377 2381
2384 2378 2377
2387 2389 2386
2386 2391 2390
2392 2386 2390
2393 2387 2386
2185 2401 2399
2402 2326 2325
2271 2325 2272
2270 2402 2271
2404 2403 2402
2403 2407 2326
2408 2410 2411
2408 2270 2268
2412 2268 2269
2412 2409 2408
2416 2415 2417
2416 2405 2404
2411 2404 2270
2410 2416 2411
2405 2406 2403
3568 631 712
2419 2396 2420
2419 2422 2421
2423 2421 2418
2423 2397 2419
2424 2391 2425
2420 2425 2422
2396 2424 2420
2395 2390 2424
2426 2314 2313
2426 2407 2427
2429 2427 2428
2342 2426 2429
2431 2429 2430
2430 2428 2432
2434 2432 2433
2435 2430 2434
2427 2406 2436
2421 2406 2418
2437 2421 2422
2428 2436 2437
2439 2432 2438
2440 2432 2428
2441 2438 2440
2442 2439 2438
2444 2443 2442
2446 2442 2441
2382 2444 2446
2380 2445 2444
2447 2422 2425
2448 2425 2391
2440 2448 2441
2440 2437 2447
2448 2389 2449
2449 2388 2450
2446 2450 2382
2441 2449 2446
2450 2452 2451
2451 2454 2453
2381 2453 2383
2382 2451 2381
2455 2372 2371
2458 2460 2457
2462 2464 2461
2461 2284 2283
2465 2283 2289
2466 2461 2465
2460 3702 3700
2467 2469 2470
2471 2470 2472
2473 3700 3687
2474 2476 2477
2457 2452 2478
2478 2388 2387
2394 2478 2387
2479 2457 2478
2480 2482 2477
2483 2484 220
2470 2463 2462
2472 2462 2466
2486 2465 2485
2485 2289 2487
2489 2487 2488
2490 2485 2489
2491 2466 2486
2492 2486 2490
2493 2491 2492
2494 2472 2491
3689 2473 3687
3690 2495 3689
2497 2492 2498
2499 2498 2500
3699 2497 2499
3686 2493 2497
2305 2277 2299
2304 2503 2305
2503 2506 2505
2505 2287 2507
2273 2507 2274
2277 2505 2273
3632 2488 2487
3619 2487 2289
2506 2288 2287
2504 2508 2506
2507 2286 2510
2510 2280 2279
2369 2279 2281
2274 2510 2369
2511 2488 2512
2513 2512 2514
2516 2513 2515
2516 2489 2511
2498 2490 2516
2498 2515 2500
2509 2518 2517
2517 2520 2519
3615 2519 3620
3631 2517 3615
2521 2302 2309
2522 2309 2308
2304 2521 2523
2523 2522 2524
2518 2524 2520
2504 2523 2518
2307 2526 2525
2525 2528 2527
2530 2527 2529
2308 2525 2530
1213 2150 1210
2418 2417 2423
2532 2348 2316
2533 2316 2319
2534 2532 2533
2535 2344 2532
2536 2345 2535
2537 2535 2534
2538 2536 2537
2539 2350 2536
2311 2540 2526
2526 2541 2528
2542 2433 2543
2544 2543 2545
2318 2542 2544
2317 2434 2542
2513 2547 2546
2546 2549 2548
2551 2548 2550
2551 2513 2546
2519 2553 2552
2552 2555 2554
3589 2554 3592
3620 2552 3589
2522 2530 2556
2556 2529 2557
2524 2556 2558
2558 2557 2559
2553 2559 2555
2520 2558 2553
2560 2006 2005
2375 2224 2376
2563 2565 2562
2562 337 2566
2568 2566 2567
2569 2562 2568
2571 2573 2570
2570 2575 2574
2543 2574 2545
2543 2571 2570
2577 2568 2576
2578 2568 2567
2573 2578 2575
2572 2576 2573
2580 2582 2579
2583 2582 2584
3696 2579 2583
3675 2579 3674
2581 2551 2582
2582 2550 2584
2499 2588 2587
2589 2588 2590
3692 2587 2589
3694 2499 2587
2500 2590 2588
2591 2593 2594
2385 2502 2501
2595 2385 2373
2595 2372 2596
2598 2596 2597
2598 2378 2595
2599 2379 2598
2599 2597 2600
2602 2600 2601
2602 2445 2599
2603 2601 2604
2439 2604 2433
2443 2603 2439
2605 2580 2606
2605 2589 2590
2590 2581 2605
3675 2455 3688
3688 2371 3692
2477 2607 2480
2608 2610 2198
2563 2612 2611
2611 2597 2596
2456 2596 2372
2564 2611 2456
2613 2569 2577
2614 2577 2572
2601 2613 2614
2600 2612 2613
2571 2604 2615
2615 2601 2614
2572 2615 2614
1458 1044 1020
1264 1078 1081
1611 1608 1610
2066 2068 2067
1134 1135 1147
1937 2617 2616
94 457 127
2057 1607 1611
1453 1444 1366
654 1047 2618
721 2620 722
1130 1032 1133
561 365 1496
1722 1724 1590
1785 1121 1786
266 322 265
1324 1653 2037
1467 1434 1478
657 528 527
7 246 6
381 1558 2
787 1306 788
939 928 927
910 2622 911
2620 654 653
2623 2624 2625
997 26 25
634 2625 2624
2626 643 1839
2627 1839 2628
1199 2626 2627
1198 640 2626
1519 48 476
1451 1348 1450
2629 1858 1857
643 1334 1822
1196 716 2631
2631 718 1165
2627 1165 1199
2628 2631 2627
1761 1049 820
1822 872 1838
2633 793 651
1027 1026 1160
1041 2634 1042
92 1900 1923
2035 1457 1454
1526 1524 1525
876 1273 1276
133 796 1543
1327 930 1328
606 1090 1160
1042 2636 2635
2635 2638 2637
1274 2637 1275
1274 1042 2635
1271 2625 2639
2639 637 636
1109 2639 636
535 2639 2640
1471 1473 1472
2041 1950 648
1057 1104 1058
2641 2642 2643
1191 2643 1192
911 2641 1191
3897 3525 3785
1048 2619 2620
615 1884 612
1330 665 749
989 1197 524
1910 320 321
1297 1204 2644
75 1503 74
1501 420 421
609 657 690
1145 658 937
2645 913 935
1279 1237 1278
974 2646 2647
2646 974 973
1452 1451 1450
1513 157 150
834 1842 1841
1270 1172 1288
2648 812 2649
1892 1825 1893
1049 1936 1050
2650 813 812
1005 1280 976
2652 2653 2654
1000 1002 1001
584 678 557
2623 620 619
554 2027 555
1206 1196 2628
1625 477 471
425 418 1566
1029 1772 1030
3897 633 3879
533 137 261
1124 1041 1040
332 87 226
568 560 729
1488 870 869
1856 619 890
1672 3769 3762
621 863 1307
2646 973 2656
618 890 619
260 544 261
392 1555 403
2657 2646 2656
1074 2656 916
1080 2657 1074
1079 2658 2657
2643 1140 2659
2659 1139 1335
641 1335 642
1192 2659 641
678 554 557
1502 1499 1501
1317 1100 1099
2660 1138 1141
2660 2662 2661
2661 2658 2660
2661 2621 2663
2663 910 2645
2647 2645 1145
2647 2661 2663
2082 2092 2080
1441 1436 1438
518 329 50
1884 1208 612
798 804 803
1945 1951 1952
1301 1252 1251
565 223 532
1388 927 1387
682 680 679
835 1841 2664
2664 1844 1302
2665 1302 1301
23 2664 2665
830 2649 831
1844 1303 1302
2009 2011 2010
1050 2666 2667
1521 1510 1522
530 440 521
781 1250 1249
1249 2624 2668
2668 1856 1855
782 1855 1036
781 2668 782
719 2670 720
1054 1929 1055
1332 1250 2250
618 1307 1306
651 2618 2633
520 1538 1539
1837 536 2671
2671 535 2640
1112 2640 1109
1112 1837 2671
1015 1350 1044
3896 569 3893
225 103 100
3563 3826 1817
1035 1883 1882
2673 1303 2672
2672 1843 2674
1333 2674 1038
1332 2672 1333
2675 1038 2674
1842 2674 1843
941 2675 1842
1073 701 2675
810 858 857
751 1054 752
1199 655 1025
1119 873 2676
2676 876 1051
1240 1051 1004
1118 2676 1240
1559 150 1514
1207 610 522
214 735 213
1459 1461 1460
1207 1838 872
853 1281 1296
71 181 178
543 1564 511
216 455 456
2046 929 944
1203 1936 2632
912 685 684
839 1112 1111
1530 729 560
2677 1282 800
600 1913 601
1536 458 459
1818 3508 3526
990 861 537
2678 1072 1829
2679 982 2255
778 2255 1262
777 2679 778
2677 1829 2679
179 244 39
1885 1130 1133
1137 1273 1254
1840 1139 1138
74 313 73
192 419 191
2680 1098 1097
169 1564 168
348 416 431
1120 2683 2682
546 408 301
122 120 119
2642 1141 1140
1541 512 1542
898 906 918
1209 675 866
790 981 891
23 836 835
892 931 930
1859 862 861
534 861 860
831 812 811
2649 812 831
1568 1546 1567
180 541 179
659 936 687
2012 567 2011
886 2630 2629
1523 360 77
519 161 1528
2652 853 2684
1237 2654 2685
717 526 529
1491 517 1490
791 614 792
598 1834 595
289 455 174
311 1551 424
1247 1178 1248
152 176 177
1239 1221 1220
1256 1234 1070
1290 1082 1221
1051 1276 1052
742 2617 1203
443 429 442
22 1171 1186
2686 1179 1178
101 408 133
1282 609 800
372 649 650
1179 1083 1290
854 2654 1236
1172 1916 1173
2688 852 2687
2687 1107 1278
2685 1278 1237
2686 2687 2685
2690 1251 2689
2689 849 2688
1247 2688 2686
1247 2690 2689
2691 23 2665
2690 2665 1301
1246 2691 2690
1257 616 2691
393 1554 392
2692 1258 1222
1071 1261 1260
1256 1167 1257
397 1554 1553
870 1313 871
1177 1248 1178
1223 1172 1171
1009 2617 741
1174 1291 1268
2653 2685 2654
2693 1215 1263
70 1486 69
700 1110 1037
1071 2648 2649
1084 21 20
894 1263 895
1600 1604 1603
1258 1270 1288
20 1219 1082
987 537 536
597 1335 1139
819 1761 820
1049 817 820
1297 1760 2651
1167 617 616
857 1255 832
38 515 1535
2651 818 813
312 314 313
2025 1970 2026
2655 595 1834
813 817 810
2695 812 2648
1259 2648 1260
2692 2695 1259
2696 2650 2695
380 389 379
3817 1610 1608
1474 1427 1226
1291 1916 1234
1550 353 1517
1525 1522 1510
1592 1594 1572
1231 1245 1248
2694 1222 21
2697 1295 2696
2697 2692 2694
2684 2694 1084
2684 1296 2697
561 270 271
2651 1295 1297
1364 1363 1362
1957 1952 1956
584 2209 996
1560 1514 434
974 1145 975
346 67 345
1037 635 1067
2699 779 2698
2698 1035 1882
2700 1882 1828
850 2698 2700
2673 2250 2701
2701 780 2699
1252 2699 850
1300 2701 1252
1518 387 1549
1272 1279 2702
2702 1106 851
2700 851 850
1828 2702 2700
90 325 89
1783 2655 1784
2682 2704 2703
603 3498 3532
1668 3547 1661
2061 2059 2058
620 860 621
2022 731 2023
685 1262 686
856 2667 1327
882 881 878
636 1110 1109
2667 892 1327
2666 893 2667
1038 1067 1333
312 1503 1504
1910 304 452
1935 1963 2211
2706 2400 2182
2707 2182 2181
737 2115 553
2348 2431 2435
2710 2019 2018
2399 2018 2185
2713 2715 2712
2716 2718 2719
2720 2722 2723
2725 2727 2724
2724 2729 2728
2730 2728 2708
2731 2724 2730
2733 2735 2732
2737 2739 2736
2736 2740 2741
2743 2745 2742
2744 2747 2746
2748 2746 2750
2752 2750 2751
2249 2245 2247
2753 1613 2754
3597 2754 3608
3607 2746 3608
1616 2754 1613
2241 1619 2756
2190 2759 2758
2760 2759 2761
3647 2760 3648
3622 2758 3647
3208 3222 3223
1394 2235 2234
1394 1635 1614
1615 2228 2232
1616 2762 2755
2755 3627 3607
2764 2233 1629
2765 3627 3621
3201 3245 3246
1515 434 1514
2767 3551 3552
1494 577 1423
2134 27 16
3525 2772 2773
1689 3925 3924
2777 2779 2776
2776 2780 2781
2783 2776 2782
3554 574 575
1493 8 539
3528 2014 3565
450 504 449
2785 2787 2784
2778 2784 2779
2788 2740 2739
2789 2751 2788
2791 2793 2790
2792 2795 2793
2795 2749 2748
2793 2748 2752
2797 1395 2753
3590 2753 3597
2797 2799 1392
3590 2798 2797
2796 2794 2800
2790 2752 2789
215 231 53
3803 2806 3802
3804 2803 3802
2768 3556 3551
182 183 96
2810 2774 2775
2803 2775 2804
2808 2810 2803
2811 2812 2813
3804 2815 3794
3795 2814 3794
3797 2819 2820
3792 2818 3797
2823 2734 2818
2822 2823 2818
2824 2825 2723
3792 2826 3791
3795 2825 3791
2712 2828 2827
2827 2830 2829
2821 2827 2829
2820 2712 2827
2831 2821 2829
2832 2829 2830
2833 2831 2832
2834 2826 2831
2836 2838 2835
2835 2840 2839
2841 2839 2726
2842 2835 2841
2839 2844 2843
2717 2844 2718
2729 2843 2717
2726 2843 2727
2845 2718 2844
2845 2840 2846
2828 2846 2830
2828 2715 2845
2846 2838 2847
2847 2837 2848
2832 2848 2833
2830 2847 2832
2849 2850 2851
2852 2851 2853
2782 2781 2854
2784 2852 2855
2779 2855 2780
2856 2854 2781
2858 2781 2780
2860 2841 2859
2859 2726 2725
2861 2725 2731
2862 2859 2861
2860 2857 2856
2842 2856 2858
2855 2853 2863
2780 2863 2858
2836 2858 2863
2837 2863 2853
2851 2833 2848
2853 2848 2837
2864 2817 2834
2850 2834 2833
2812 2814 2864
2813 2864 2850
2865 2813 2849
2787 2849 2852
2865 2786 2866
2811 2866 2774
1891 1889 1890
2719 2845 2869
297 255 256
2871 2712 2819
3793 2734 2733
2728 2873 2872
2845 2714 2869
2875 2877 2874
2732 2877 2733
3805 2878 2879
3805 2871 3793
2881 2883 2880
2880 2714 2713
2879 2713 2871
2878 2880 2879
2884 2886 2887
2887 2889 2884
2884 2891 2890
2892 2884 2890
1941 2531 2893
2894 2719 2869
2883 2869 2714
2882 2894 2883
2895 2891 2894
2888 2716 2889
2889 2719 2891
2896 2890 2895
2897 2895 2882
2898 2882 2881
2899 2881 2878
3796 2878 3806
2875 2900 2876
2900 2903 2902
1784 1834 1833
2904 2898 2899
2906 2896 2897
3796 2902 3798
631 576 632
3531 2866 2786
433 549 349
2767 3639 3642
2909 1622 2248
2240 2757 2241
3639 2912 3651
1622 2756 1619
3586 2756 3651
2228 1379 2249
2764 1628 2913
2914 1628 2911
3641 2913 2914
3640 2764 2913
2918 3641 3612
2917 2911 2240
3613 2240 3585
3617 3612 3669
3540 2179 3495
3520 2187 3505
3704 713 3850
2924 2916 2923
2923 2915 2918
3609 2918 3617
3610 2923 3609
2925 2765 2924
3657 2924 3610
1714 1704 1709
784 497 795
1386 564 1790
373 1898 559
3572 2205 3555
2928 2885 2892
2931 2933 2930
1904 1907 1906
2929 2935 2936
2937 2929 2928
1492 516 517
1602 1585 1601
2938 2928 2907
2939 2907 2906
3664 1599 3660
2885 2936 2886
2905 2897 2898
2907 2892 2896
2941 2932 2940
2940 2936 2935
3500 2935 3512
3497 2940 3500
2942 2709 2872
2942 2873 2888
2944 2888 2887
2945 2942 2944
2931 2887 2886
2930 2944 2931
726 1928 727
2902 2946 2947
544 41 261
1479 532 250
2906 2948 2939
2905 2949 2948
1557 214 201
3798 2947 3800
2053 1643 2117
3704 2202 3572
1827 1848 1826
2952 2954 2951
2951 2956 2955
2955 2257 2951
2952 2257 2256
2453 2473 2495
3746 2958 3765
3746 2130 3736
2960 2962 2957
2957 2963 2958
221 2484 2964
2476 2965 2607
2630 2005 1858
2383 2495 2496
2966 2958 2963
2967 2969 2968
3758 2970 3783
3783 2959 3765
2971 2032 2031
2006 2972 2007
3559 2133 2132
1835 1831 1830
3505 2089 3550
954 958 955
671 673 672
632 712 631
2023 732 802
2024 802 797
424 1549 387
2974 887 886
1318 1156 2693
1211 2976 1212
888 2227 2226
1977 1974 1978
1137 1328 914
750 2978 2977
1618 1624 1623
2251 1727 1726
1156 844 1215
2705 1937 2616
2979 2253 2980
2981 886 2629
801 710 2678
677 2028 2027
526 689 527
1838 2628 1839
2982 601 1913
2982 1912 1330
2984 1330 1053
2985 2982 2984
2986 2634 2633
2984 2638 2985
2989 1317 2988
2990 2992 2993
2994 2993 2995
1105 2990 2994
1057 2991 2990
1414 1364 1366
1316 2216 2996
1931 2254 2979
925 2998 663
3000 2991 2999
2999 1056 2977
2998 2977 2978
2997 2999 2998
3001 2208 3002
3001 2995 2993
2992 3001 2993
3000 2997 3001
1102 2994 3003
3003 2995 3002
2208 3003 3002
587 3003 2209
294 432 380
2637 2987 3004
3004 1055 1929
1304 1929 1305
1275 3004 1304
1986 1992 1988
2632 1760 2644
1422 1416 1418
3560 738 702
2670 2703 2704
1472 2034 1471
921 2693 894
1400 1377 1383
555 1883 1036
841 3824 3835
1853 2616 1009
932 1080 1074
1439 1435 1436
528 718 529
1030 1026 1027
776 911 1870
2644 1203 2632
440 1537 1536
789 586 585
2064 1609 1606
1859 989 901
59 86 58
1423 1947 1946
331 1506 330
260 137 134
186 448 506
1718 1725 1724
1930 1058 3005
3005 1104 1103
1286 1103 586
1285 3005 1286
3006 3008 3009
3008 652 794
617 25 24
2028 1209 1208
956 599 2227
1048 2227 599
2630 3010 2560
889 2226 3010
3010 2144 3011
2560 3011 2374
1025 608 607
2705 1960 1963
3012 2484 3013
2147 1266 3014
3014 1265 1310
2996 1100 1316
641 1772 1192
185 460 510
1040 1319 900
1120 3016 1121
2983 2986 3017
3017 2633 2618
1047 3017 2618
602 2983 3017
2678 800 801
2061 2073 2060
2060 2075 2063
413 1544 1964
3015 2682 3018
3018 2703 2669
3019 2669 719
3006 3018 3019
1870 1090 776
3020 1121 3016
3021 3016 3009
1313 3021 1314
1783 3020 1313
1315 1762 610
3022 3009 3008
3022 794 1091
1762 1091 1124
1314 3022 1762
3015 3009 3016
751 2977 1056
2985 2636 2986
3023 652 3007
3019 3007 3006
719 3023 3019
722 653 3023
2680 1267 3024
2670 1267 720
2704 3024 2670
1312 3026 1310
3025 3028 3026
3026 3029 3030
1310 3030 3014
2011 730 2022
916 973 976
742 855 743
1887 2029 1424
2681 2683 3031
3031 1123 2988
1099 2988 1317
1098 3031 1099
1122 2988 1123
3032 1158 1157
2989 1157 1318
1122 3032 2989
1785 1833 3032
1053 2987 2984
2978 663 2998
2622 2662 2642
1094 687 686
3033 2260 2955
3035 2955 2956
3036 3033 3035
3037 3034 3033
3039 3025 1312
2262 3040 3039
3041 3042 3040
3040 3027 3025
3043 3042 3038
3045 3044 3043
3046 3048 3044
3042 3048 3027
3037 3050 3049
3049 3052 3051
3051 3043 3049
3038 3049 3043
3053 3038 3041
3041 2261 3053
2260 3053 2261
2215 2996 2216
2211 2666 1935
3055 2208 3054
933 1960 1853
2012 3756 566
3057 3059 3060
3058 3062 3059
3059 2212 1962
3060 1962 1961
3062 2213 2212
3061 3063 3062
3064 2259 3063
3063 2214 2213
3065 3030 3029
2607 3066 3065
2965 3067 3066
3030 3067 3014
2454 2460 2473
2475 2225 2476
3550 2088 3524
3525 3768 3785
432 354 380
2114 1418 2122
3508 2921 3526
3768 2130 2133
3068 2166 2165
2970 2927 2959
2960 2772 2961
3069 2477 2482
2609 3070 2953
2501 2373 2385
3071 2594 3072
2963 3051 2966
3047 3073 3048
2592 3074 3073
3074 3028 3073
3073 3027 3048
3071 3074 2591
3075 2481 2480
2480 3065 3075
3075 3029 3074
2966 3052 2969
2481 3072 2482
478 492 493
705 3872 708
3560 2220 3516
2012 3753 3754
3532 2015 3528
3561 2221 2973
1170 1154 1175
2585 2564 2586
2981 112 2483
2561 3076 3067
2375 3011 3076
3011 2147 3076
3076 3014 3067
2962 3045 2963
3050 2969 3052
1682 490 774
3849 1446 3859
1985 3733 3767
3078 2545 2574
3080 2574 2575
1982 3767 3764
3081 2318 2544
3079 2544 2545
3733 3081 3079
3731 2322 3081
1308 1887 747
3072 2771 2770
2759 3083 2761
2759 2087 3082
3084 3085 3086
3088 3089 3087
3088 3083 3084
3091 3089 3090
3092 2743 2742
2750 2747 3092
3092 2751 2750
2741 3092 3093
3093 2742 3094
3095 3097 3086
3098 3086 3085
3096 3094 3097
3099 2745 3100
3100 3101 3099
2763 2926 3100
2744 3100 2745
3101 3090 3099
3099 3094 2742
2868 3591 3633
3101 3103 3091
3657 2868 3633
2926 3102 3101
3097 3090 3089
3086 3089 3084
2087 3104 3082
3082 3085 3083
2482 2770 3069
2400 2184 2320
3098 3104 3105
2124 3105 3104
3107 2741 3106
3106 3093 3096
3109 3106 3108
3108 3096 3095
3110 3095 3098
3111 3108 3110
3112 2736 3107
3114 2721 3113
3116 3113 3115
3118 3115 3117
3117 3119 3120
3115 3112 3119
3121 3110 3122
3121 1754 1753
3123 3125 3126
3124 3120 3125
3127 3117 3124
3128 3124 3123
2019 3127 3128
3852 1345 1351
1064 1046 1065
1813 3829 1648
2020 3128 3129
3110 3105 3122
3122 2206 1754
2376 2223 2972
3013 112 111
1755 3781 3766
3130 2529 2527
3132 2527 2528
1752 3766 3774
3133 3126 3134
2326 2313 2312
2435 2316 2348
2017 3710 3711
2533 3136 2534
2319 3135 2533
2184 3711 3770
3137 2541 2538
3133 3743 3744
3784 3133 3744
3139 2538 2537
2534 3139 2537
3710 3129 3784
2557 3131 3140
3781 3140 3131
2559 3140 3141
3759 3141 3140
957 2975 2980
1932 2979 3142
2398 2417 2415
2347 2342 2431
2321 2318 2322
2717 2873 2729
2708 2872 2709
2893 1360 1941
345 175 346
1875 1881 1880
2801 3606 3591
3103 3087 3091
2973 3648 3602
3088 2760 2761
3087 3144 3088
2802 3602 3606
3869 691 627
2122 1417 2125
1364 1367 1366
1580 1781 1782
3568 2128 3519
3554 2001 3520
3145 2550 3146
3750 3146 3749
3741 3145 3750
3148 2584 3145
3195 3196 3194
3603 2190 3622
3141 2555 2559
3776 3149 3141
3645 2549 3592
3149 2554 2555
3777 3150 3149
3787 3151 3645
3152 2550 2548
3151 2548 2549
3780 3152 3151
3775 3146 3152
3147 2205 2204
2182 2320 2183
2131 2927 2132
3683 2203 2202
3718 2196 3720
2593 2772 2950
2594 2950 2771
1869 798 1868
3712 2177 3705
3705 3735 3789
335 3773 3721
338 3153 335
3788 3148 3741
3682 2583 3148
2962 3047 3046
3721 336 335
338 2565 2585
3155 2167 2166
2609 2166 2610
2953 3155 2609
3156 2952 2256
3706 2168 3708
2566 3158 2567
336 2566 337
3729 2165 3706
3763 1982 3764
2578 3080 2575
2567 3159 2578
3708 2189 3763
3064 3161 3160
3160 1983 2188
3156 2188 2167
2256 3160 3156
733 1921 805
3058 2707 3162
3162 2181 1984
3161 1984 1983
3061 3162 3161
3202 3204 3203
2121 1447 1446
3816 1684 3811
138 443 68
1569 565 532
2956 3164 3035
2954 3163 2956
1911 340 1972
3129 3123 3133
1547 318 1546
1948 1326 1886
2968 3077 3166
3166 3168 3167
3723 2016 3719
3719 2032 3758
3167 3164 3169
3169 3163 3170
3778 3170 3755
3723 3169 3778
3170 3165 3171
3171 3070 3172
3751 3172 3748
3755 3171 3751
3168 3035 3164
2592 2961 2593
3172 2608 3173
3173 2198 2197
3782 2197 3718
3748 3173 3782
2189 1983 1982
2195 2766 3147
2118 1413 1447
1463 1465 1464
2198 3068 2199
2456 2586 2564
2225 2561 2965
480 1626 1638
332 234 235
3077 3036 3168
3039 2996 2262
2218 1932 2219
2384 2496 2502
220 3174 2483
2219 3142 3174
3174 2975 2974
2483 2974 2981
2953 3165 2954
2629 109 2981
1546 1951 1954
2090 2187 2186
3732 2177 2176
1917 1926 1925
3562 110 3510
954 959 953
2036 111 3562
3142 2980 2975
2217 2213 2214
671 3786 3540
2151 3013 2036
1146 1142 1144
2247 1408 2244
1614 1634 1615
1409 2245 2246
3240 3241 3239
3176 1382 1381
2237 3175 1381
3175 2229 3177
1409 3178 1406
3178 2242 1406
1632 2799 2248
1620 2757 2911
1621 2244 1633
2235 3180 3181
2236 3181 3182
2249 2232 2228
2911 1627 1620
134 1563 1562
1566 511 1564
1084 2652 2684
3183 867 3055
868 3056 933
1265 1097 1311
1266 721 720
936 2645 935
2145 721 2146
2210 920 2666
1956 506 448
1312 2263 3039
1495 1492 1491
2680 2704 2681
2886 2932 2931
1686 1658 1693
144 1497 80
1316 1318 2693
36 417 70
1934 3184 2976
103 300 102
2100 2082 2083
542 359 206
1933 3185 3184
233 211 236
3844 1821 1823
1975 1873 1973
222 2218 219
3654 3604 3611
467 772 2164
1934 1727 1931
3239 3225 3234
3260 3249 3259
3214 3243 3263
3264 3214 3263
3266 3197 3195
3204 3268 3254
3213 3264 3269
3270 3213 3191
3250 3238 3235
3221 3265 3271
3231 3233 3232
3215 3242 3243
3195 3267 3266
3243 3253 3254
3237 3246 3245
3263 3254 3268
3252 3215 3216
3210 3220 3264
3256 3217 3255
3257 3271 3258
3273 3279 3272
3227 3261 3262
3274 3280 3279
3225 3272 3279
3235 3259 3250
3280 3235 3236
3286 3191 3188
3234 3279 3233
3233 3280 3236
3287 3258 3271
3259 3275 3250
3288 3277 3283
3209 3223 3282
3198 3200 3199
3227 3229 3228
3289 3284 3285
3281 3270 3286
3259 3261 3260
3242 3267 3253
3266 3240 3231
3193 3207 3192
3190 3268 3205
3269 3191 3213
3274 3229 3230
3263 3269 3264
3251 3275 3290
3247 3290 3222
3212 3278 3276
3271 3288 3287
3276 3211 3212
3227 3280 3230
3219 3252 3218
3218 3216 3256
3255 3221 3257
3246 3251 3247
3244 3231 3232
3265 3211 3288
3207 3254 3253
3287 3283 3284
3203 3207 3206
559 3186 558
3208 3200 3201
3188 3190 3189
447 806 446
646 121 269
1832 1779 1831
509 507 506
3209 1886 3200
1886 3199 3200
14 3196 3199
15 3194 3196
3194 3186 3193
3193 1898 3206
3206 374 3203
386 125 126
3188 1759 3286
3576 756 757
762 2171 2174
3582 3579 3580
3580 3578 3577
3593 3595 3594
3399 3601 3400
3625 3624 3626
3630 3598 3600
3635 3594 3595
3646 3587 3644
3649 3583 3646
3652 3579 3650
3652 3653 3578
1800 3655 3654
3650 3581 3649
3643 3594 3636
1766 3658 3659
1596 3660 1599
1707 3664 3663
3670 3666 3665
3665 3672 3671
1587 3663 1586
2079 3665 2081
2081 3671 2083
3673 3634 3630
3676 3635 3634
3681 3644 3680
3691 3649 3685
3680 3643 3679
785 3691 784
3693 3650 3691
784 3685 496
496 3681 649
649 3680 563
3695 3680 3679
3404 3604 3401
3701 3677 3676
3698 3678 3677
3644 3637 3643
1798 3658 1767
3707 3457 3459
3461 3707 3459
3713 563 3695
3614 3601 3599
3709 3695 3697
3634 3595 3598
3628 3626 3629
3596 3598 3595
3629 3714 3628
3626 3596 3593
3716 3722 3717
3714 3659 3628
3715 3724 3714
3667 3660 3724
3667 3716 3666
3666 3717 3672
3726 3672 3717
3727 3671 3672
3725 3717 3722
1575 2083 3671
3726 3730 3728
3202 1386 3189
3189 1790 3188
3282 1948 3209
316 258 390
1999 3652 3693
3600 3599 3601
3588 3583 3584
3576 755 2169
3584 3581 3582
3677 3636 3635
3203 375 3202
1800 3656 1798
3728 3727 3726
1574 3737 1087
3734 1575 3727
1775 1795 1774
1292 1289 1283
1325 1326 11
1293 1233 1289
877 1329 1336
496 373 497
121 412 120
3698 3703 3707
3605 3400 3601
3707 3697 3698
3463 3709 3461
3703 3442 3457
438 398 437
1511 1525 1510
1667 1737 1670
838 1361 837
1361 825 1011
3842 1895 3814
2052 2117 2116
3887 2119 2118
695 3815 3830
1825 638 639
3739 3728 3730
955 885 959
1979 1921 806
32 104 163
1342 3855 3856
3906 2127 3901
1765 1581 1593
13 2162 737
594 98 593
3232 3245 3244
1345 1043 1351
747 1424 746
3192 3253 3267
3189 3205 3202
3611 3605 3614
3623 3614 3624
3630 3442 3673
3678 3643 3636
3685 3646 3681
3701 3673 3703
3624 3599 3596
3600 3414 3630
3738 3734 3728
3629 3593 3740
3740 3715 3629
1283 1287 1284
3697 3679 3678
1777 1779 1778
1791 1583 1788
694 570 693
3637 3593 3594
3740 3587 3588
3246 3208 3201
3291 3293 3294
3295 3297 3298
3298 3299 3300
3301 3303 3304
3305 3307 3308
3306 3310 3307
3302 3300 3299
3311 3303 3312
3313 3315 3316
3317 3319 3320
3323 3320 3324
3325 3327 3322
3328 3330 3331
3332 3334 3335
3336 3338 3339
3332 3340 3341
3341 3342 3343
3318 3343 3342
3337 3333 3338
3345 3301 3346
3304 3346 3301
3311 3222 3348
3349 3339 3350
3311 3347 3304
3351 3340 3325
3310 3353 3307
3340 3326 3325
3358 3360 3361
3359 3249 3248
3317 3344 3318
3363 3317 3323
3313 3323 3364
3365 3300 3345
3298 3366 3295
3307 3367 3308
3368 3294 3293
3316 3363 3313
3369 3316 3315
3324 3364 3323
3351 3318 3342
3295 3352 3310
3296 3310 3309
3362 3353 3344
3344 3352 3343
3343 3366 3341
3365 3341 3366
3346 3333 3345
3338 3347 3339
3347 3350 3339
3362 3368 3367
3293 3367 3368
3292 3308 3293
3330 3373 3331
3345 3332 3365
3322 3351 3325
3355 3320 3319
3354 3324 3320
3356 3370 3324
3321 3319 3351
3360 3328 3361
3372 3374 3373
3373 3375 3331
3328 3375 3361
3326 3371 3327
3335 3374 3326
3334 3375 3374
3375 3336 3361
3336 3358 3361
3358 3275 3249
3376 3294 3369
3276 3314 3277
3370 3378 3364
3377 3357 3379
3364 3314 3313
3315 3278 3369
3281 3369 3278
3312 3223 3311
3377 3283 3378
3379 3284 3377
3378 3277 3314
3275 3350 3290
3290 3348 3222
3312 2964 3012
2964 3302 221
221 3299 222
222 3297 3185
3297 3184 3185
3296 2976 3184
3309 1212 2976
3306 1213 1212
2531 3305 3292
2893 3292 3291
2870 3291 3376
3252 3239 3241
3282 3012 2151
1996 1888 1891
1236 743 854
1534 119 120
1530 200 213
1118 1031 983
945 823 946
162 4 161
3588 3722 3740
1154 1161 1163
426 326 423
552 795 497
3380 2230 2236
3380 2229 2231
2236 3179 3380
3382 3384 3381
3383 3386 3384
3385 3388 3386
3387 3390 3388
3391 3393 3394
3394 3395 3396
3397 3396 3395
3399 3398 3397
3402 3404 3401
3405 3403 3402
3407 3406 3405
3409 3408 3407
3411 3410 3409
3414 3397 3413
3413 3395 3415
3415 3393 3416
3416 3392 3417
3392 3419 3417
3418 3420 3419
3389 3421 3420
3387 3422 3421
3385 3423 3422
3383 3424 3423
3424 3425 3183
2903 3427 2946
3428 2903 2901
3429 2901 2875
2874 3429 2875
3431 2732 2735
2824 3434 2823
3436 3438 3435
3440 3435 3439
2723 3433 2824
3435 3114 3116
3439 3116 3118
3442 3413 3441
3441 3415 3443
3443 3416 3444
3444 3417 3445
3445 3419 3446
3419 3447 3446
3420 3448 3447
3421 3449 3448
3422 3450 3449
3423 3451 3450
3424 3055 3451
3450 2252 2251
3449 2251 1726
3448 1726 2149
3447 2149 1940
3452 3447 1940
3453 3446 3452
3454 3445 3453
3455 3444 3454
3441 3455 3456
3442 3456 3457
3458 3457 3456
3456 3454 3458
3458 3453 3460
3461 3458 3460
3460 3452 3462
3463 3460 3462
3462 1940 1359
3403 3400 3404
3406 3398 3403
3408 3396 3406
3410 3394 3408
3464 3412 3411
3466 3468 3465
3464 3430 3432
3469 3465 3464
3437 3431 3434
3466 3437 3436
3467 3436 3440
3470 3467 3471
3471 3440 3472
3472 3439 2711
2711 3118 3127
3474 3471 3473
3473 3472 3475
3475 2711 2710
3476 2710 2399
3477 3475 3476
3478 3473 3477
3391 3412 3479
3465 3479 3412
3418 3391 3479
3389 3479 3390
3468 3390 3479
3388 3470 3474
3386 3474 3478
3384 3478 3480
3481 2399 2401
3482 3476 3481
3480 3477 3482
3483 2401 2706
3057 2706 2707
3060 3483 3057
3484 3481 3483
3381 3480 3485
3485 3482 3484
3425 3381 3486
3486 3485 1961
3485 3060 1961
1960 3486 1961
3056 3425 3486
3427 3401 3487
3426 3402 3427
3428 3405 3426
3429 3407 3428
3430 3409 3429
3469 3432 3431
3433 3437 3434
2722 3438 3433
2874 3432 3430
2735 3434 3431
2946 3487 3499
3463 1359 3496
1899 1923 1900
1735 1717 1749
1954 1942 1955
1670 1734 1750
1695 1697 1691
1799 1863 1800
2062 2055 2059
1736 1716 1735
1750 1696 1694
942 3898 683
3655 3401 3604
1576 1763 1702
3916 1598 3922
1944 81 1943
67 6 247
146 1542 147
1108 1132 1101
1502 1906 1907
1498 1908 1497
451 734 214
1823 3834 3844
1824 2067 1823
1462 1021 1193
840 1008 1010
1567 1954 1533
1925 1926 1922
1909 1501 1938
1938 421 441
308 1939 307
1803 1865 1802
268 1953 55
2064 2059 2055
3811 1757 3834
279 551 1939
1874 1868 1873
1738 1733 1736
1777 1789 1787
309 1914 278
1908 1905 1953
1788 1777 1787
977 979 978
1583 1730 1582
424 310 311
147 114 115
2043 3893 2045
276 1938 550
1942 1944 1943
1460 1462 1463
2252 3055 3054
2980 3488 957
2208 3488 3054
2253 3054 3488
2997 957 3488
2825 2720 2723
3489 2720 2816
2815 3489 2816
2333 2295 2334
2297 2333 2335
2300 2335 2337
2310 2337 2353
2311 2353 2354
2358 2360 2359
2334 2358 2359
2413 2364 2363
2412 2360 2364
2354 2539 2540
2540 2538 2541
2721 2738 2737
3113 2737 3112
3109 3120 3119
3107 3119 3112
3121 3126 3125
3111 3125 3120
3126 1752 3134
3138 2528 2541
3743 3132 3138
3489 2739 2738
3490 2788 3489
227 90 87
244 242 241
247 246 190
1 295 294
144 299 266
326 209 327
328 330 329
249 227 235
238 239 229
372 374 373
177 175 174
1217 1227 1320
3861 1294 3853
807 823 822
3857 1012 1013
3812 1410 1412
2153 2158 2159
3844 1757 1756
305 1921 451
2156 1975 1976
707 2030 1473
1449 1226 1427
1671 1604 1623
1812 1820 1815
1716 1714 1717
175 401 346
1709 3915 3914
1711 1576 1710
1704 1710 1703
970 978 969
821 1093 1101
2908 2792 2791
2809 2794 2792
2798 2248 2799
3661 2909 2798
2768 2800 2794
3176 3177 3178
3177 3179 3178
3180 1392 2799
3180 1631 3181
3181 2243 3182
3182 2242 3179
3491 2789 3490
2807 3490 2815
2238 3571 2239
1148 3570 3569
1149 3566 3570
2201 3565 2014
2920 3564 2922
3567 2132 2927
1776 1758 1791
1200 1182 1183
3560 2194 2193
3552 2769 2767
3926 1686 1691
1515 153 502
3548 2973 2802
3549 2778 2777
2770 3574 3545
3069 3545 3557
3546 2774 2866
1375 1369 1371
2766 3555 2205
2194 3542 2766
2774 3541 2775
3376 3544 2870
3803 3538 2805
2775 3537 2804
2239 3534 2919
2919 3668 3618
3547 2785 2778
1804 1850 1803
3533 2786 2785
2950 3539 3530
2771 3530 3574
2972 3529 3535
2223 3536 3529
1956 319 509
305 303 302
2769 3527 2912
2912 3573 2238
2922 3526 2921
307 430 46
206 131 542
1878 1880 1879
3732 3524 2088
2474 3557 3523
2475 3523 3522
2222 3522 3536
3521 2802 2801
2036 10 1949
1958 449 504
2002 3519 2128
8 333 539
2008 3517 3566
2007 3535 3517
3876 672 3878
3514 2777 2783
2934 3512 2935
110 3569 3510
3509 2934 2937
682 3884 942
3507 2809 2908
735 731 728
1794 1802 1795
3504 2937 2938
3506 2938 2939
2949 3503 2948
2939 3503 3506
3800 3511 2949
2867 3501 2868
2868 3521 2801
1023 1022 1019
3499 2947 2946
550 441 442
2971 3567 2927
2031 3498 2971
215 1923 1922
202 200 199
1827 1846 1836
1957 448 449
271 177 174
2870 3494 1360
3618 3563 2920
2800 3642 3661
2004 3653 2175
959 898 961
3656 3611 3623
3779 3645 3150
3150 3592 2554
2192 3622 2193
3606 3144 3143
3602 2760 3144
3591 3143 3103
2925 3633 3102
3633 3103 3102
3754 3745 3752
565 3757 2004
3487 1863 3499
1601 2078 2077
2867 3610 2921
2921 3609 2922
2922 3617 2920
3669 2917 3613
3618 3613 2919
2920 3669 3618
2919 3585 2239
3612 2914 2917
2916 3621 3640
2915 3640 3641
2238 3651 2912
2910 3651 2756
3642 2910 2909
2796 3661 3590
2796 3597 2749
3621 2762 2764
3607 2763 2744
2193 3647 2220
2220 3648 2221
2755 3608 2754
2749 3608 2746
3668 1816 3826
3762 1690 1698
2514 3589 2547
2547 3592 2549
2512 3631 3615
2512 3620 2514
2508 3619 2288
2509 3632 2508
2288 3638 2282
2282 3616 2285
2239 3586 2238
3658 3623 3625
715 3886 3887
726 3760 1922
2164 2169 2163
3659 3625 3628
3742 3577 3756
2174 768 769
2099 2094 2098
3757 3756 3577
639 3567 1825
1652 3552 1650
1894 3529 745
745 3536 740
1652 3527 3575
3761 1603 1671
2092 2072 2077
958 994 883
961 918 985
1399 1397 1398
999 1126 1003
955 883 884
1661 3549 1660
2033 3545 1653
3925 3538 3801
3534 765 1816
3571 764 765
333 3570 334
1867 3539 1655
1683 1651 1677
1681 774 1806
1584 3761 1699
3762 1671 1672
2172 489 490
1657 3546 1751
3555 1649 723
1570 2009 1571
1586 3670 2079
2098 2076 2093
786 1998 785
1999 785 1998
3154 3696 3682
3712 3682 3788
2179 3684 3683
3495 3683 3704
1683 3839 1650
1759 3494 3544
2606 3692 2589
2580 3688 2606
2370 3699 3694
2370 3692 2371
2586 3674 2585
2585 3696 338
2496 3686 2502
2501 3686 3699
2493 3689 2494
3689 2471 2494
3687 2467 2471
3700 2468 2467
725 3891 629
580 3517 579
9 3569 333
1836 3509 1848
740 3522 1299
1298 3557 2033
1850 3503 1865
3526 1819 1818
579 3535 1894
1757 3521 3501
1692 3507 1805
3503 1866 1865
1893 3567 3498
2125 3812 3840
3905 3840 3911
2112 3866 2109
2178 3788 3684
623 3903 622
2191 3787 3779
2176 3786 3732
1363 3832 1337
3857 1469 1452
3134 3774 3743
2068 3834 2067
1350 3852 1351
2107 3900 498
2088 3735 3732
3827 1357 865
2000 3782 2186
2186 3718 2090
2129 3751 2003
2003 3748 2000
2013 3778 2200
2200 3755 2129
3166 3758 2968
3167 3719 3166
3158 3763 3159
3159 3764 3080
3729 3157 336
3157 3708 3158
2199 3729 3721
3684 3741 2203
3721 2196 2199
3789 2091 3720
3773 3720 2196
3153 3789 3773
3154 3705 3153
2090 3720 2091
2195 3749 3775
2192 3775 3780
3603 3780 3787
2085 3779 3777
2086 3777 3776
2203 3750 2204
2204 3749 3147
3908 573 691
2123 3776 3759
2207 3759 3781
3710 3139 3136
3784 3137 3139
3744 3138 3137
3770 3135 2321
3711 3136 3135
3774 3130 3132
3766 3131 3130
1812 3837 1813
1292 3855 1343
2183 3747 3731
2180 3731 3733
3764 3078 3080
3767 3079 3078
708 3874 2030
2773 3736 3768
3785 2133 3558
3808 765 764
2967 3765 2958
2968 3783 2967
2957 3736 2960
2131 3765 2959
2320 3770 3747
3859 1448 27
3904 581 709
3885 576 573
3846 1817 3826
704 3886 2120
3815 3906 697
2110 3910 2112
3809 1365 1410
1811 3821 1814
674 3851 673
3495 3850 674
2109 3867 2108
2103 3900 2105
2108 3898 943
3841 702 738
1679 3845 1683
1638 3818 3817
622 3905 696
2138 3865 3864
1807 3843 3836
3819 1818 1819
3871 3899 705
1645 3829 1647
3888 632 576
2138 3874 17
2155 3870 3873
673 3912 3868
2116 3811 2068
1814 3846 3822
3854 1443 1469
696 3911 3815
865 3835 3827
3863 2135 2134
3584 3725 3588
3582 3730 3584
3752 3737 3738
3739 3580 3742
1087 3745 1092
3738 3742 3752
2790 3492 2791
3491 2806 3492
2791 3493 2908
3492 2805 3493
3507 3493 3515
3515 2805 3538
2947 3790 3800
2104 3895 2103
3537 3803 2804
679 3875 682
1890 3909 3890
2904 3800 2949
2899 3798 2904
2900 3806 2876
2733 3805 3793
2876 3805 2877
2819 3793 2871
2817 3791 2826
2822 3791 2825
2821 3797 2820
2818 3799 3797
2816 3794 2815
2808 3794 2814
2807 3802 2806
2804 3802 2803
1701 3922 1598
3921 1796 1801
3914 1705 1708
3917 1691 1697
1656 3879 1878
1889 3894 3909
3771 1673 1674
1688 3771 3772
3925 3537 1687
3515 1688 3772
3916 1702 1763
1597 3927 1769
3879 1875 1878
1690 3924 3926
3924 1687 1686
1116 1117 3929
1065 1321 3929
1242 846 3929
3824 847 3929
1127 1116 3929
1128 1129 3929
840 1010 3929
1229 3862 3929
1241 1242 3929
1321 1228 3929
1063 1064 3929
1002 1127 3929
1228 1229 3929
3862 1284 3929
1284 1287 3929
847 838 3929
846 3824 3929
1117 1128 3929
1064 1065 3929
1086 1085 3929
1007 1001 3929
1010 1007 3929
1001 1002 3929
1075 1068 3929
837 840 3929
838 837 3929
1287 1241 3929
1129 1086 3929
1085 1075 3929
1068 1063 3929
2409 2413 3930
2410 2409 3930
3616 2284 3930
2393 2392 3930
2392 2395 3930
2280 2285 3930
2281 2279 3930
2397 2398 3930
2464 2463 3930
2395 2396 3930
2469 2468 3930
2398 2415 3930
2479 2394 3930
2458 2479 3930
2368 2281 3930
2459 2458 3930
2414 2410 3930
2415 2414 3930
2363 2362 3930
2285 3616 3930
2463 2469 3930
2468 3702 3930
2284 2464 3930
2413 2363 3930
2394 2393 3930
2362 2366 3930
2396 2397 3930
2279 2280 3930
3702 2459 3930
2366 2368 3930
3 2 1
7 6 5
12 15 14
16 27 18
31 30 29
35 34 33
36 39 38
20 21 22
24 25 26
40 43 42
47 46 45
51 50 49
52 55 54
59 58 57
28 29 61
65 64 63
66 4 5
71 70 69
75 74 73
76 79 78
80 83 82
58 86 85
87 90 89
95 94 93
99 98 97
100 103 102
105 104 33
107 115 114
116 118 35
123 126 125
130 129 128
131 101 133
141 140 139
147 105 59
143 142 126
148 151 150
155 154 153
158 149 157
115 107 163
170 169 168
173 125 172
178 181 180
185 188 187
193 196 195
198 141 138
205 208 207
212 211 210
201 214 213
95 92 215
91 237 42
96 183 245
249 248 228
251 253 57
257 256 255
259 90 228
109 110 111
113 263 262
264 267 266
55 52 269
273 272 248
184 182 62
279 278 277
284 283 282
287 218 210
140 141 91
288 289 174
147 115 104
311 310 169
237 261 41
317 162 159
309 308 307
240 238 324
159 229 239
46 47 306
107 108 314
344 84 85
347 350 349
355 358 357
354 353 352
362 30 31
363 251 252
365 124 367
182 371 370
162 161 160
208 225 100
377 376 164
378 294 380
382 381 2
283 284 385
386 126 388
390 258 228
72 280 396
404 407 406
202 217 410
413 120 412
0 355 356
276 275 130
253 343 56
357 383 414
416 415 385
400 399 191
418 388 126
420 180 181
102 300 301
427 366 367
379 389 358
61 203 265
139 140 430
356 357 350
355 0 378
414 391 402
436 427 435
437 440 439
187 450 449
264 454 180
223 184 63
236 211 212
274 130 127
280 281 459
49 461 78
72 73 281
467 466 465
389 354 351
481 484 483
488 487 486
492 495 494
471 470 469
501 500 499
219 220 221
511 418 142
517 516 510
512 238 229
204 29 30
188 369 450
162 317 531
532 223 224
445 447 446
334 540 539
543 511 545
328 518 290
198 533 261
384 385 415
531 189 190
362 116 117
577 580 579
572 571 570
560 562 561
240 259 258
589 592 591
544 545 594
502 153 154
605 624 623
477 480 479
645 648 647
589 590 688
563 564 650
727 245 183
713 723 715
691 573 574
540 334 580
345 67 247
160 230 229
127 128 93
697 704 703
573 576 575
289 288 400
629 630 724
732 735 734
754 465 495
758 479 480
756 762 761
763 495 465
767 766 3807
758 759 487
491 473 474
473 769 768
772 467 464
770 773 485
483 484 774
773 775 488
494 495 763
494 756 760
136 396 783
324 238 796
164 518 50
368 31 28
729 730 567
89 301 300
242 117 515
799 733 805
816 814 807
815 807 822
305 302 446
814 809 808
828 829 827
725 724 500
273 426 423
878 881 880
883 882 878
218 217 216
905 904 903
454 203 204
897 881 829
902 899 879
376 290 518
922 948 947
945 946 950
3518 739 738
899 898 885
224 63 64
181 444 441
808 951 946
953 959 961
926 949 964
884 878 879
924 926 965
342 341 340
964 963 970
967 970 969
971 967 968
962 960 980
335 336 337
991 992 826
809 814 995
1006 1000 1001
1011 825 826
1010 1008 1006
293 292 291
906 907 919
1016 578 1018
1019 1022 1021
1034 1023 1019
1060 1059 1046
1062 1060 1045
1043 1019 1020
1101 1093 1096
1115 1125 1117
1015 1014 1013
880 896 903
815 1115 1126
1093 947 948
513 341 166
145 144 80
1132 1134 1129
1101 1132 1125
821 1125 1115
1144 1142 1147
1075 1143 1150
1147 1142 1085
1108 1096 1113
1153 1152 1155
1152 924 966
3463 3496 462
1143 1146 1151
1155 966 1162
1163 1161 1168
1144 1170 1175
1113 1114 1153
1182 1154 1163
1183 1182 1176
1068 1150 1061
1022 1190 1193
1161 1162 1169
1194 1183 1184
1182 1195 1175
1200 1062 1151
1060 1062 1200
3824 846 842
1202 1201 1194
1201 1200 1183
1217 1059 1202
1059 1060 1201
1224 1217 1216
670 694 693
1218 1216 1023
1216 1202 1033
1225 1013 1014
1242 1241 1233
1230 1229 1228
846 1242 1232
842 1232 1243
1232 1233 1244
1922 3760 232
2099 2107 498
3913 3863 2134
60 61 322
209 210 216
1298 1309 1308
3862 1229 1230
1065 1046 1320
1321 1320 1227
1059 1217 1320
1324 1323 1322
1243 1244 1331
1289 1233 1241
1336 1329 1338
1329 1331 1339
1340 1331 1244
1341 1339 1331
1342 1341 1340
1343 1340 1293
3856 3855 1344
1346 1347 1341
3855 3853 1294
1348 1349 1347
3860 1348 1346
3852 1346 1342
905 897 828
904 905 1352
864 1355 1354
1354 1352 828
1356 1354 824
1355 1353 1352
3833 1336 1337
865 1357 1355
1357 1358 1353
3827 877 1336
837 1361 1011
1362 1363 1337
1367 1362 1338
1347 1367 1339
1370 1368 3823
523 524 525
527 528 529
1371 1369 1368
534 535 536
1366 1367 1347
1369 1353 1358
1368 1358 3832
1372 909 902
554 555 556
1373 908 909
1372 903 904
1373 1372 1374
1374 904 1353
1377 919 907
375 372 650
1387 927 972
585 586 587
1389 1388 1387
1390 1387 968
596 597 598
599 600 601
1391 1390 969
607 608 609
611 523 522
613 614 615
616 617 24
619 620 621
1396 1389 1390
1397 1396 1391
1399 986 919
1401 1402 1164
635 636 637
929 1403 1401
640 641 642
928 1401 1168
1403 1404 1402
1410 1365 1364
1411 1405 1414
651 652 653
608 655 656
658 659 660
557 662 585
664 665 666
1412 1410 1405
1417 1415 3809
1416 1371 1370
1415 1370 3828
1418 1416 1415
1385 908 1373
676 677 678
1384 1385 1419
1419 1373 1375
684 685 686
1420 1419 1421
527 689 690
1421 1375 1371
1017 1018 746
698 699 700
1423 577 578
3662 1596 1766
699 698 710
1092 3745 3753
716 717 529
720 721 722
703 1649 3542
18 1428 1425
1428 1427 1426
1657 1658 3541
1438 1436 1433
1436 1435 1434
1425 1426 1432
1441 1430 1431
741 742 743
1431 1432 1440
750 751 752
1437 1433 1402
1445 1444 1443
1446 1447 1445
3859 1446 1442
1414 1366 1444
1413 1414 1445
2172 1682 468
776 777 778
779 780 781
1675 1692 1805
3858 1450 1348
788 789 790
744 791 792
651 793 794
1454 1457 1456
1453 1366 1349
609 690 801
3830 3815 697
1351 1043 1044
1014 1015 1458
810 811 812
2117 3814 3816
818 819 820
1465 1462 1193
1466 1467 1464
1181 1164 1467
831 811 832
834 835 836
1466 1465 1189
1468 1469 1443
839 699 711
1452 1469 1468
598 843 844
1225 1449 3848
850 851 852
854 743 855
857 858 859
860 861 862
1013 1225 3854
866 675 867
869 870 871
873 874 875
1309 1322 1470
1475 1432 1426
1460 1475 1474
886 887 888
787 790 891
893 894 895
1459 1474 1226
900 901 523
1464 1477 1476
1864 3502 3499
910 911 912
915 916 917
1849 3504 3506
920 921 894
1478 1434 1435
925 663 666
1480 561 562
268 1482 83
930 931 932
933 934 613
935 684 687
937 658 661
1483 269 121
940 941 834
319 320 508
1848 3509 3504
83 1482 1483
1486 1489 1487
1756 1757 3501
364 1491 1490
460 78 79
116 362 361
1493 539 540
925 600 956
1476 1440 1432
1708 1587 1584
118 116 1495
270 1496 503
510 516 188
344 1495 1491
56 343 298
1500 1498 267
266 267 1498
973 974 975
1677 1651 1692
3845 1681 1806
556 981 662
982 940 983
1442 1443 3848
420 1499 267
988 989 990
1489 1486 417
278 279 308
996 867 675
997 25 998
1503 417 37
1505 1507 1506
359 360 1507
1505 1485 206
938 1004 1005
269 1483 1482
65 62 545
1009 741 792
366 427 436
243 30 362
1669 3531 3533
208 205 1509
387 388 425
426 273 249
160 519 520
99 245 44
1024 1025 607
1028 1029 1030
938 661 1032
40 41 593
1035 779 782
701 700 1037
1039 1040 1041
361 31 368
186 1519 476
69 1486 538
1048 599 602
612 866 868
859 1049 1050
1004 1051 1052
752 1054 1055
1056 1057 1058
292 287 1521
287 211 1520
291 1521 1522
330 1506 1507
305 451 452
99 43 40
461 1523 77
329 330 1523
634 1066 1067
1484 1526 1525
205 1484 1527
1069 1070 1071
941 940 1072
915 932 1074
439 1528 1529
156 157 1513
1528 161 4
370 594 545
789 585 662
1076 857 856
1402 1433 1434
1079 1080 1081
530 519 1528
20 1082 1083
271 1531 1530
689 711 801
334 3570 3566
1089 1029 1028
1091 794 793
1532 395 136
660 659 1094
68 443 444
1098 1099 1100
37 38 1535
1103 1104 1105
851 1106 1107
1376 907 908
290 376 410
315 1535 515
538 1487 1532
1504 1535 315
1109 1110 1111
1538 1536 459
521 440 1536
833 836 1119
1121 1122 1123
611 1124 1040
934 792 614
275 277 129
1685 3548 3521
192 189 1540
230 520 1539
555 1036 981
364 252 84
189 531 317
1809 764 3573
3923 1866 3511
1131 982 984
207 100 101
1133 1032 661
1490 517 79
428 132 1541
1136 1137 914
171 435 427
1138 1139 1140
548 95 53
1516 1518 1517
833 1118 983
1542 512 285
1543 796 238
132 133 1543
505 360 256
419 326 327
1157 1158 1159
586 1103 1102
606 1160 1026
303 1545 1544
363 1490 76
68 69 197
699 839 1111
3876 625 3524
1165 718 656
1166 1167 857
1299 3522 3523
1171 1172 1173
217 202 199
1178 1179 1180
371 182 96
88 103 226
1185 1186 1187
171 172 1516
1481 83 80
1089 1191 1192
393 394 352
525 524 1197
1198 1199 1025
605 622 696
1203 1204 1205
1206 1207 522
1208 1209 866
913 912 684
1477 1435 1440
1028 1027 1160
1210 1211 1212
3857 1452 1450
843 1214 1215
422 192 272
1219 1220 1221
21 1222 1223
881 897 896
1518 1516 172
1188 1187 1231
348 349 549
1070 1234 1235
1236 1237 1238
1220 1185 1188
1509 1527 1511
938 1031 1240
1555 1529 4
1552 1553 393
403 1555 66
1246 1247 1248
141 198 237
1250 1066 634
849 1251 1252
1253 1166 1076
56 131 132
442 429 551
1186 1171 1174
1255 1069 830
431 404 381
740 747 746
433 349 350
348 431 382
250 123 1480
394 383 351
1517 1518 1549
1557 409 377
108 262 313
284 1513 1512
394 393 392
201 202 409
416 407 404
1245 1256 1257
2 1558 296
1258 1259 1260
402 403 346
954 953 952
461 49 50
1095 1094 686
428 146 59
895 1263 1264
1266 720 1267
422 423 326
36 178 179
19 22 1186
1255 1167 1070
1187 1174 1268
1235 1269 1270
1271 535 534
564 563 462
1272 791 744
875 1253 1254
315 32 163
436 1515 502
193 1493 1494
1274 1275 863
623 624 630
1276 1273 1136
568 567 566
1480 123 124
323 324 546
1278 1107 1106
1524 331 328
1280 1277 1136
170 167 1552
1487 72 395
1556 1560 1561
1281 855 1205
1052 1276 1277
777 776 606
712 582 3565
250 224 143
3 356 347
708 707 706
727 47 44
260 134 1562
788 1285 1286
73 313 262
402 283 384
1177 1180 1239
1222 1258 1288
1219 19 1185
295 1517 353
783 458 1537
1180 1179 1290
1268 1291 1256
1565 1537 437
135 783 1565
1562 1563 168
106 113 108
1296 1281 1297
1463 1476 1475
1519 186 506
1300 1301 1302
1305 1306 1307
174 455 1531
1531 455 199
1310 1265 1311
871 1313 1314
3835 842 877
1304 1307 863
1039 1274 862
1563 1565 398
591 1575 1574
590 1574 1087
1580 1583 1582
1195 1151 1146
709 581 582
284 406 407
952 953 960
1593 1591 1588
1584 1587 1586
1591 1590 1589
3884 944 943
1599 1598 1597
1603 1602 1601
1398 1391 978
1588 1589 1595
1609 1608 1607
297 256 360
550 551 275
1626 1625 3813
858 810 817
1077 856 1327
1554 438 1529
571 572 679
771 464 775
976 1280 917
403 402 391
1053 1330 749
1643 1644 1642
931 1264 1081
1066 1332 1333
1539 1538 263
596 1334 642
470 760 761
1641 695 3830
1643 1641 3841
922 945 949
95 548 547
519 530 521
444 443 442
848 838 847
479 758 754
1645 759 480
310 425 1566
463 462 3496
3496 1359 1360
233 236 235
189 192 191
152 153 151
230 286 285
1551 1552 1550
759 1645 1647
3831 1646 1648
827 826 825
51 166 165
1662 1661 1660
286 106 114
667 670 669
633 644 639
552 559 558
117 35 32
491 483 490
3551 1651 1650
581 588 583
383 394 391
1380 1381 1382
1561 1560 434
951 952 950
3528 3565 582
1659 1660 1666
1393 1394 1395
1659 1664 1663
1670 1669 1668
1623 1624 1672
1406 1407 1408
1676 1675 1674
1612 1678 1676
1678 1677 1675
1625 1680 3810
533 198 197
802 732 733
399 247 190
64 65 142
3525 1656 1655
401 158 156
628 627 626
460 476 48
757 756 494
795 786 785
405 406 1512
341 342 165
1693 1658 1657
1691 1686 1693
3556 1692 1651
3920 1703 1702
325 546 301
3915 3920 1701
3918 3917 1697
1698 1690 3926
1556 405 1559
1126 1115 1116
399 400 288
1705 1701 1706
1706 1701 1598
1708 1705 1707
1713 1711 1710
3918 3914 1708
1703 1710 1576
1715 1713 1712
1558 1561 1548
1721 1720 1719
1334 596 595
409 410 376
972 1169 1162
167 168 398
1570 681 1088
1571 680 681
748 645 646
1729 1723 1722
1593 1581 1728
1728 1722 1590
1383 1377 1376
1731 1730 1711
1723 1729 1730
1721 1723 1731
1720 1721 1732
1733 1732 1715
1734 1736 1735
1732 1731 1713
1662 1663 1740
1741 1664 1739
1737 1738 1736
1664 1659 1665
1664 1741 1743
1724 1725 1745
1590 1724 1744
1589 1744 1746
1744 1745 1747
1658 1687 3537
3286 1759 3544
1184 1176 1181
1663 1743 1748
1740 1748 1738
1745 1741 1742
1725 1743 1741
1114 923 1152
1653 3545 3574
1895 3561 3548
1719 1748 1743
1720 1738 1748
1749 1717 1700
1696 1735 1749
1150 1151 1062
1750 1751 1669
1694 1657 1751
960 961 985
1769 1768 1767
1765 1593 1592
1730 1758 1578
1578 1776 1773
3927 1771 1770
1763 1771 3927
1776 1775 1774
3761 3762 1698
1003 1126 1127
1773 1774 1770
986 1399 1398
1577 1773 1771
1782 1781 1780
1596 1597 1769
638 1877 3894
3927 3928 1768
1792 1791 1788
3928 3919 1797
3507 3515 3772
1801 1866 3923
1787 1789 1793
1792 1793 1794
3772 3771 1674
1583 1580 1782
1770 1796 3919
1800 1798 1797
1767 1768 1797
1774 1795 1796
507 513 514
1795 1802 1801
1799 1797 3919
1793 1804 1803
3531 1669 1751
484 1807 1806
3808 3843 1639
3836 3843 1809
484 481 1639
1689 1690 3769
486 487 1647
3838 1812 1815
3837 1810 1647
3838 1811 1810
1811 1808 486
1640 1808 766
464 465 754
766 1814 3822
3821 1815 3825
1808 1811 1814
3836 1652 1650
674 671 3540
1813 1648 1821
1820 1821 3820
1823 1821 1648
1826 1848 1849
1667 1668 1661
1778 1779 1847
1789 1826 1804
1832 1835 1852
3520 3505 692
1613 1614 1615
1851 1852 3497
1619 1620 1621
1854 1764 1573
1846 1851 3500
1765 1764 1854
1628 1629 1630
1632 1621 1633
1634 1635 1636
1847 1832 1851
1854 1860 1862
1802 1865 1866
1861 1862 1830
1781 1854 1861
3921 3923 1864
1872 1871 1869
1873 1868 798
2044 3877 3896
1218 1344 1294
1614 1613 1395
3883 3894 1876
644 3897 3785
1344 1218 1034
633 638 3883
14 1886 1326
3909 3894 1877
1893 603 604
3505 3550 626
3559 639 644
339 340 453
1896 193 194
1888 1881 1876
1900 93 128
195 748 753
1704 1703 3920
339 377 165
1569 1479 562
1903 1493 193
1780 1861 1831
1904 548 54
999 993 994
985 918 919
1190 1184 1189
2093 2076 2074
1919 1920 1918
452 453 1911
1914 1918 1917
3881 2111 2105
1654 3574 3530
1915 1917 1925
703 3553 3560
277 1915 1924
3564 3563 1817
1096 948 1114
1926 1927 726
3577 3578 3653
1919 309 306
1928 306 47
502 503 1496
1901 1902 786
1815 1820 3819
1924 1925 1922
1534 1568 1567
253 251 257
1508 1496 365
118 85 34
218 287 292
140 45 46
541 204 243
1939 551 429
1778 1827 1826
1700 1709 3914
1660 3549 3514
269 52 753
196 1946 748
1726 1727 1211
52 53 231
1464 1467 1478
1283 3861 3853
1950 445 411
167 397 1553
1485 1484 205
505 76 77
993 1000 1006
950 952 962
1012 3858 3860
3825 3819 1819
1497 1908 1953
298 297 542
1753 1754 1755
1680 468 1682
1695 1693 1694
12 13 737
472 475 474
481 1640 767
203 61 29
1760 1761 819
610 1762 1124
1500 1502 1907
1073 1072 710
1959 1943 81
119 1955 1959
34 85 86
1772 1198 1024
1964 1544 1568
493 760 470
1965 1966 1968
445 1950 1970
173 367 124
1579 1578 1577
1784 1785 1786
1971 1545 303
1253 875 874
1972 340 341
320 1911 1972
1909 276 274
508 1972 513
1485 1506 1526
1973 1873 803
1976 1975 1973
1979 447 1965
378 0 1
1717 1714 1709
883 994 991
1679 1683 1677
901 989 524
343 254 255
134 137 136
447 445 1966
588 604 603
909 908 907
1980 1965 1967
1981 1980 1986
1987 1978 1986
1989 1987 1988
1990 1988 1992
321 320 319
991 827 829
1143 1075 1085
1994 1976 1977
1132 1128 1117
1996 1994 1993
869 1822 1334
804 805 1981
726 183 1999
1995 1993 1987
1993 1977 1978
1828 615 791
1829 1072 940
797 802 799
728 731 730
2010 2011 2022
1833 1834 845
401 282 283
2021 2022 2023
1837 717 988
809 954 951
1822 1838 1839
1429 1425 1431
1214 843 1840
1315 1207 872
2111 1400 1383
1841 1842 1843
1158 845 844
836 26 1845
1970 1950 2029
516 368 369
1470 2025 2026
3550 3524 625
2173 2174 769
934 933 1853
1612 1618 1610
1230 1227 1224
1855 1856 890
1299 1308 747
1149 1148 1857
1642 605 695
1214 1264 1263
1319 1859 901
1955 1942 1943
2030 667 668
2033 1324 1309
1878 1879 1655
39 244 241
1991 1992 2038
887 957 956
1881 1888 1995
1077 1137 1254
1870 911 1191
293 410 217
1322 2040 2025
122 1959 82
1323 2035 2040
383 357 358
1323 1324 2037
1882 1883 1884
286 1539 113
1095 1885 1133
914 1328 930
805 1979 1980
3532 3528 583
1424 2029 2041
1017 2041 1947
3561 1895 739
1947 2041 648
1880 1881 1989
1899 128 129
991 994 993
922 926 924
3877 2044 2046
1642 2047 624
2049 2051 2050
2044 1404 1403
3875 2046 944
1138 1079 1078
1036 1855 891
2054 2052 2056
1197 988 717
1618 2057 1611
2057 1604 1605
2058 2059 1606
2057 1618 1623
70 71 178
404 405 1556
321 1547 1971
2060 2051 2062
2065 2064 2066
2051 2060 2063
1608 1609 2065
1514 150 151
1008 826 992
1643 3842 3814
278 1914 1915
1284 3862 3861
1646 2065 1824
2055 2056 2066
318 319 1952
666 665 1912
2069 630 624
2051 2049 2054
2037 1653 1654
1605 1600 2072
1234 1916 1269
2071 2072 2074
2058 1605 2071
2073 2074 2076
1600 1601 2077
2048 2047 1642
999 1003 1000
1088 942 683
1930 1285 1305
1461 1458 1020
1931 1932 1933
874 873 1845
1935 1050 1936
43 44 45
1533 1954 1955
1540 317 316
2080 2081 2083
145 1944 1958
1359 1940 1941
984 983 1031
1994 1996 1891
2078 2079 2081
2094 2095 2075
2080 2092 2077
2054 2049 2053
500 2095 2094
2096 2099 2098
2097 2098 2093
2139 2140 3892
2140 2045 3893
2050 2069 2047
591 2101 2100
2070 2063 2075
2101 2096 2097
592 2102 2101
1018 1894 745
1949 10 11
724 2070 2095
1384 2104 2103
1378 2103 2105
2106 2107 2099
3907 725 501
3895 501 498
939 1388 2108
927 928 1169
3867 589 683
1961 1962 1963
3877 679 572
2038 1992 1967
1388 1389 2109
1397 2110 2112
3756 3754 3752
3910 3882 2106
948 922 923
259 240 323
1389 1396 2112
2069 2050 2063
3866 3910 2102
2104 1384 1420
2113 1420 1422
3891 2113 2114
3907 2104 2113
553 2115 1901
971 1162 966
1764 1592 1572
1983 1984 1985
2052 2116 2068
3572 3555 723
1624 1676 1673
3880 3887 2118
3902 2114 2122
55 1953 1905
625 3876 3878
2000 2001 2002
3911 3840 2126
2005 2006 2007
2126 1412 1411
2013 2014 2015
2017 2018 2019
1494 1423 1946
1378 1376 1385
3813 3810 1679
2028 1884 1883
3901 2127 2119
628 3878 3913
681 682 942
723 1649 2120
1756 1818 3820
764 1809 3843
3850 713 714
705 706 3869
980 985 986
1456 1867 1655
2016 2015 2031
1457 1654 1867
1775 1776 1791
1958 1944 1945
3662 3714 3724
3912 3880 2121
1092 1088 688
965 964 967
3851 714 3880
2171 3576 2169
669 2137 2136
3760 786 1902
1428 18 27
963 962 977
3840 3812 1412
1472 1473 668
3833 3832 1358
2137 797 1869
1871 1472 2136
714 715 3887
1880 1990 1991
3842 3841 738
1836 1846 3512
252 57 58
1807 3836 3839
1646 3831 3817
3864 3865 670
2111 3881 3882
1404 2044 2043
3828 3823 1363
272 1540 390
575 631 3519
3874 3864 667
1429 1430 2139
2135 3849 3859
1429 2138 17
3892 3893 569
1441 1438 2045
1430 1441 2140
3868 3912 3849
3807 3822 1816
3865 3892 694
2141 2024 797
570 2142 2141
3818 3813 1617
2142 2021 2024
693 2141 2137
680 1571 2143
2143 2010 2021
327 209 456
1571 2009 2010
629 3891 3902
2084 2085 2086
2089 2090 2091
571 2143 2142
1874 1975 2152
1872 1874 2148
2102 2106 2096
2156 2042 2154
2127 1411 1413
3873 3870 588
3871 3869 627
2148 2152 2157
2158 2157 3904
697 3906 3901
3822 3846 3826
2157 2155 3873
1437 2043 2045
2034 2153 2159
2160 2159 3888
3870 3890 604
3872 16 17
369 28 60
648 1950 412
2152 2156 2155
1427 1428 1448
1489 75 72
3889 3904 709
2154 1890 3890
1455 1456 1879
2124 2087 2086
2159 2158 3889
299 1958 504
1063 1061 1045
2042 1891 1890
2128 2129 2003
2130 2131 2132
3847 3848 1449
1997 1974 803
3878 672 3863
473 491 489
1163 1164 1181
706 2161 3908
707 1471 2161
2161 2160 3885
547 548 1904
1144 1135 1113
704 2120 1649
2042 2156 1976
736 737 553
1033 1194 1190
457 1904 1906
194 195 231
2039 2038 1968
2144 2145 2146
2053 2049 2048
3831 1645 1638
8 11 10
251 363 505
471 477 478
1864 3923 3790
899 902 909
1940 2149 2150
1920 1927 1926
2162 1896 1897
270 155 152
1903 1325 11
281 262 263
1871 1872 2153
1325 1903 1896
627 691 692
1723 1721 1718
1548 1561 435
1581 1582 1729
1920 1919 1928
3562 3510 9
2151 2036 1949
474 771 773
768 2171 2170
2170 2164 475
475 772 771
1790 564 463
2165 2166 2167
594 370 371
482 1808 1640
761 2173 2172
770 482 483
485 486 1808
296 1548 1516
762 2174 2173
775 754 758
183 184 2175
411 446 302
2004 2175 184
3810 1680 1681
2163 2169 755
1471 2034 2160
949 950 963
2176 2177 2178
226 225 1509
2181 2182 2183
2185 2018 2017
1984 2181 2180
213 735 728
864 848 841
848 864 1356
558 3186 3187
15 12 736
559 552 497
3192 3195 3194
3199 3196 3197
3210 3213 3212
3214 3217 3216
2186 2187 2001
2168 2167 2188
2191 2085 2084
2192 2193 2194
2197 2198 2199
1997 1981 1978
3663 3664 3667
2115 1897 1902
1858 2005 2008
3903 2122 2125
1134 1147 1086
2200 2201 2014
1148 110 109
3220 3221 3217
2202 2203 2204
578 579 1894
1754 2206 2207
3890 3909 1892
1210 2150 2149
867 996 2209
943 944 929
2129 2128 2201
232 1902 1897
664 750 749
1166 1253 998
2210 2211 2212
2214 2215 2216
3866 592 589
2219 220 219
822 823 947
3224 3219 3226
265 203 454
3881 2107 2106
2220 2221 3518
2222 2223 2224
2206 2124 2123
672 673 3868
816 999 995
2226 2227 2145
1946 1947 645
3899 2134 16
2228 1634 1637
1678 1612 1617
1636 2230 2231
2232 2233 1616
2230 2234 2235
1380 1637 2237
3585 2240 2241
1629 2233 2232
1680 1625 471
1407 1406 2242
3235 3238 3237
3231 3240 3239
1636 2229 2237
3236 3237 3232
1408 1407 1633
1379 1382 2246
1627 2247 2244
2248 1622 1621
1631 1633 1407
2247 1627 1630
2234 2230 1636
3244 3245 3198
630 2069 2070
514 166 51
781 780 2250
2252 2253 2254
396 280 458
1455 2038 2039
2039 2040 2035
1400 2111 2110
2040 2039 1969
1534 120 413
1585 1586 2079
2255 982 1131
1699 1698 3917
3814 1895 1685
1262 2255 1885
597 1840 843
2256 2257 2258
2257 2260 2261
2258 2261 2262
2259 2258 2215
1966 1970 1969
2211 1963 1962
921 920 2217
1311 1097 1100
1306 1305 1285
1547 1568 1545
2265 2266 2267
2264 2267 2269
2271 2264 2268
2272 2265 2264
2274 2275 2276
2277 2273 2276
2283 2284 3616
2286 2282 2285
2287 2288 2282
2289 2283 3638
2290 2291 2292
2294 2290 2293
2295 2296 2290
2296 2297 2291
2293 2292 2298
2278 2293 2299
2297 2300 2301
2291 2301 2302
2292 2302 2303
2303 2304 2305
2307 2308 2309
2301 2306 2309
2300 2310 2306
2311 2307 2306
2312 2313 2314
2317 2318 2319
3747 3770 2321
2323 2324 2272
2312 2323 2325
2327 2323 2312
2328 2324 2323
2330 2331 2332
2329 2332 2266
2324 2329 2265
2328 2330 2329
2332 2333 2334
2335 2333 2332
2337 2335 2331
2330 2338 2336
2328 2339 2338
2327 2340 2339
2315 2341 2340
2341 2315 2314
2343 2344 2345
2340 2343 2346
2341 2347 2343
2347 2348 2344
2349 2350 2351
2338 2349 2352
2339 2346 2349
2346 2345 2350
2336 2352 2353
2352 2351 2354
2355 2276 2275
2355 2356 2357
2355 2358 2295
2278 2276 2355
2359 2360 2269
2266 2334 2359
2361 2362 2363
2361 2364 2360
2365 2361 2357
2365 2366 2362
2356 2275 2367
2365 2367 2368
2275 2274 2369
2367 2369 2281
2371 2372 2373
2374 2375 2376
2377 2378 2379
2381 2377 2380
2383 2384 2377
2384 2385 2378
2387 2388 2389
2386 2389 2391
2392 2393 2386
2393 2394 2387
2185 2400 2401
2402 2403 2326
2271 2402 2325
2270 2404 2402
2404 2405 2403
2403 2406 2407
2408 2409 2410
2408 2411 2270
2412 2408 2268
2412 2413 2409
2416 2414 2415
2416 2417 2405
2411 2416 2404
2410 2414 2416
2405 2418 2406
3568 3519 631
2419 2397 2396
2419 2420 2422
2423 2419 2421
2423 2398 2397
2424 2390 2391
2420 2424 2425
2396 2395 2424
2395 2392 2390
2426 2313 2407
2429 2426 2427
2342 2314 2426
2431 2342 2429
2430 2429 2428
2434 2430 2432
2435 2431 2430
2427 2407 2406
2421 2436 2406
2437 2436 2421
2428 2427 2436
2439 2433 2432
2440 2438 2432
2441 2442 2438
2442 2443 2439
2444 2445 2443
2446 2444 2442
2382 2380 2444
2380 2379 2445
2447 2437 2422
2448 2447 2425
2440 2447 2448
2440 2428 2437
2448 2391 2389
2449 2389 2388
2446 2449 2450
2441 2448 2449
2450 2388 2452
2451 2452 2454
2381 2451 2453
2382 2450 2451
2455 2456 2372
2458 2459 2460
2462 2463 2464
2461 2464 2284
2465 2461 2283
2466 2462 2461
2460 2459 3702
2467 2468 2469
2471 2467 2470
2473 2460 3700
2474 2475 2476
2457 2454 2452
2478 2452 2388
2394 2479 2478
2479 2458 2457
2480 2481 2482
2483 112 2484
2470 2469 2463
2472 2470 2462
2486 2466 2465
2485 2465 2289
2489 2485 2487
2490 2486 2485
2491 2472 2466
2492 2491 2486
2493 2494 2491
2494 2471 2472
3689 2495 2473
3690 2496 2495
2497 2493 2492
2499 2497 2498
3699 3686 2497
3686 3690 2493
2305 2503 2277
2304 2504 2503
2503 2504 2506
2505 2506 2287
2273 2505 2507
2277 2503 2505
3632 3631 2488
3619 3632 2487
2506 2508 2288
2504 2509 2508
2507 2287 2286
2510 2286 2280
2369 2510 2279
2274 2507 2510
2511 2489 2488
2513 2511 2512
2516 2511 2513
2516 2490 2489
2498 2492 2490
2498 2516 2515
2509 2504 2518
2517 2518 2520
3615 2517 2519
3631 2509 2517
2521 2303 2302
2522 2521 2309
2304 2303 2521
2523 2521 2522
2518 2523 2524
2504 2304 2523
2307 2311 2526
2525 2526 2528
2530 2525 2527
2308 2307 2525
1213 2531 2150
2418 2405 2417
2532 2344 2348
2533 2532 2316
2534 2535 2532
2535 2345 2344
2536 2350 2345
2537 2536 2535
2538 2539 2536
2539 2351 2350
2311 2354 2540
2526 2540 2541
2542 2434 2433
2544 2542 2543
2318 2317 2542
2317 2435 2434
2513 2514 2547
2546 2547 2549
2551 2546 2548
2551 2515 2513
2519 2520 2553
2552 2553 2555
3589 2552 2554
3620 2519 2552
2522 2308 2530
2556 2530 2529
2524 2522 2556
2558 2556 2557
2553 2558 2559
2520 2524 2558
2560 2374 2006
2375 2561 2224
2563 2564 2565
2562 2565 337
2568 2562 2566
2569 2563 2562
2571 2572 2573
2570 2573 2575
2543 2570 2574
2543 2433 2571
2577 2569 2568
2578 2576 2568
2573 2576 2578
2572 2577 2576
2580 2581 2582
2583 2579 2582
3696 3674 2579
3675 2580 2579
2581 2515 2551
2582 2551 2550
2499 2500 2588
2589 2587 2588
3692 3694 2587
3694 3699 2499
2500 2515 2590
2591 2592 2593
2385 2384 2502
2595 2378 2385
2595 2373 2372
2598 2595 2596
2598 2379 2378
2599 2445 2379
2599 2598 2597
2602 2599 2600
2602 2443 2445
2603 2602 2601
2439 2603 2604
2443 2602 2603
2605 2581 2580
2605 2606 2589
2590 2515 2581
3675 2586 2455
3688 2455 2371
2477 2476 2607
2608 2609 2610
2563 2569 2612
2611 2612 2597
2456 2611 2596
2564 2563 2611
2613 2612 2569
2614 2613 2577
2601 2600 2613
2600 2597 2612
2571 2433 2604
2615 2604 2601
2572 2571 2615
1458 1015 1044
1264 1214 1078
1611 1607 1608
2066 2056 2068
1134 1108 1135
1937 1936 2617
94 547 457
2057 1606 1607
1453 1468 1444
654 2619 1047
721 1048 2620
1130 984 1032
561 1480 365
1722 1718 1724
1785 1122 1121
266 299 322
1324 2033 1653
1467 1164 1434
657 656 528
7 531 246
381 1556 1558
787 618 1306
939 929 928
910 2621 2622
2620 2619 654
2623 1856 2624
997 1845 26
634 637 2625
2626 640 643
2627 2626 1839
1199 1198 2626
1198 1772 640
1519 514 48
1451 1349 1348
2629 2630 1858
643 642 1334
1196 1197 716
2631 716 718
2627 2631 1165
2628 1196 2631
1761 2632 1049
1822 869 872
2633 2634 793
1041 793 2634
92 93 1900
2035 2037 1457
1526 331 1524
876 875 1273
133 408 796
1327 892 930
606 776 1090
1042 2634 2636
2635 2636 2638
1274 2635 2637
1274 1039 1042
1271 2623 2625
2639 2625 637
1109 2640 2639
535 1271 2639
1471 707 1473
2041 2029 1950
1057 1105 1104
2641 2622 2642
1191 2641 2643
911 2622 2641
3897 1656 3525
1048 1047 2619
615 1828 1884
1330 1912 665
989 988 1197
1910 1911 320
1297 1281 1204
75 1489 1503
1501 1499 420
609 608 657
1145 936 658
2645 910 913
1279 1238 1237
1452 1453 1451
834 941 1842
1270 1269 1172
1892 1877 1825
1049 2632 1936
2650 2651 813
1005 1052 1280
2652 1083 2653
1000 1003 1002
584 996 678
2623 1271 620
554 677 2027
1206 525 1196
1625 1626 477
425 388 418
1029 1192 1772
3897 644 633
533 1532 137
1124 1091 1041
332 227 87
568 1569 560
1488 2655 870
1856 2623 619
1672 1673 3769
621 860 863
618 787 890
260 543 544
392 1554 1555
2657 2658 2646
1074 2657 2656
1080 1079 2657
1079 1138 2658
2643 2642 1140
2659 1140 1139
641 2659 1335
1192 2643 2659
678 677 554
1502 1500 1499
1317 1316 1100
2660 2658 1138
2660 1141 2662
2661 2646 2658
2661 2662 2621
2663 2621 910
2647 2663 2645
2647 2646 2661
2082 2093 2092
1441 1439 1436
518 328 329
1884 2028 1208
798 799 804
1945 1942 1951
1301 1300 1252
565 2004 223
1388 939 927
682 681 680
835 834 1841
2664 1841 1844
2665 2664 1302
23 835 2664
830 1071 2649
1844 1843 1303
2009 2012 2011
1050 1935 2666
1521 1520 1510
530 439 440
1249 634 2624
2668 2624 1856
782 2668 1855
781 1249 2668
719 2669 2670
1054 1930 1929
1332 1066 1250
618 621 1307
651 654 2618
520 521 1538
1837 987 536
2671 536 535
1112 2671 2640
1112 526 1837
1015 1012 1350
3896 572 569
225 226 103
3563 3668 3826
1035 1036 1883
2673 1300 1303
2672 1303 1843
1333 2672 2674
1332 2673 2672
2675 701 1038
1842 2675 2674
941 1073 2675
1073 698 701
751 1056 1054
1199 1165 655
1119 1845 873
2676 873 876
1240 2676 1051
1118 1119 2676
1559 1512 150
1207 1315 610
214 734 735
1459 1458 1461
1207 1206 1838
853 855 1281
71 444 181
543 1562 1564
216 199 455
2046 1403 929
1203 2617 1936
912 776 685
839 526 1112
1530 728 729
2677 777 1282
600 666 1913
1536 1537 458
1818 1756 3508
990 1859 861
2678 710 1072
2679 1829 982
778 2679 2255
777 2677 2679
2677 2678 1829
179 541 244
1885 1131 1130
1137 1136 1273
1840 597 1139
74 312 313
192 422 419
2680 2681 1098
169 1566 1564
348 415 416
1120 1123 2683
546 796 408
122 121 120
2642 2662 1141
1541 1543 512
898 899 906
1209 676 675
790 662 981
23 26 836
892 895 931
1859 1319 862
534 537 861
1568 1547 1546
180 454 541
659 658 936
2012 566 567
886 889 2630
1523 1507 360
519 160 161
2652 854 853
1237 1236 2654
717 1837 526
1491 1492 517
791 615 614
598 845 1834
289 456 455
311 170 1551
1247 2686 1178
152 148 176
1239 1180 1221
1256 1291 1234
1290 1083 1082
1051 876 1276
742 741 2617
443 139 429
22 1223 1171
2686 2653 1179
101 102 408
1282 606 609
372 496 649
1179 2653 1083
854 2652 2654
1172 1269 1916
2688 849 852
2687 852 1107
2685 2687 1278
2686 2688 2687
2690 1301 1251
2689 1251 849
1247 2689 2688
1247 1246 2690
2691 616 23
2690 2691 2665
1246 1257 2691
1257 1167 616
393 1553 1554
2692 1259 1258
1071 1235 1261
1256 1070 1167
397 438 1554
870 1783 1313
1177 1231 1248
1223 1288 1172
1009 2616 2617
1174 1173 1291
2653 2686 2685
2693 1156 1215
70 417 1486
700 1111 1110
1071 1260 2648
1084 2694 21
894 2693 1263
1600 1605 1604
1258 1261 1270
20 19 1219
987 990 537
597 596 1335
1049 859 817
1297 2644 1760
1167 1166 617
857 1167 1255
38 241 515
2651 1760 818
312 315 314
2025 1969 1970
2655 1488 595
813 818 817
2695 2650 812
1259 2695 2648
2692 2696 2695
2696 1295 2650
380 354 389
3817 3818 1610
1474 1426 1427
1291 1173 1916
1550 352 353
1525 1524 1522
1592 1588 1594
1231 1268 1245
2694 2692 1222
2697 1296 1295
2697 2696 2692
2684 2697 2694
2684 853 1296
561 1496 270
2651 2650 1295
1364 1365 1363
1957 1945 1952
584 587 2209
1560 1559 1514
974 2647 1145
346 66 67
1037 1110 635
2699 780 779
2698 779 1035
2700 2698 1882
850 2699 2698
2673 1332 2250
2701 2250 780
1252 2701 2699
1300 2673 2701
1518 386 387
1272 1238 1279
2702 1279 1106
2700 2702 851
1828 1272 2702
90 259 325
1783 870 2655
2682 2683 2704
603 1893 3498
1668 3533 3547
2061 2062 2059
620 534 860
2022 730 731
685 778 1262
856 1050 2667
882 829 881
636 635 1110
2667 893 892
2666 920 893
1038 1037 1067
312 74 1503
1910 1971 304
1935 2705 1963
2706 2401 2400
2707 2706 2182
737 2162 2115
2348 2347 2431
2710 2711 2019
2399 2710 2018
2713 2714 2715
2716 2717 2718
2720 2721 2722
2725 2726 2727
2724 2727 2729
2730 2724 2728
2731 2725 2724
2733 2734 2735
2737 2738 2739
2736 2739 2740
2743 2744 2745
2744 2743 2747
2748 2749 2746
2752 2748 2750
2249 1379 2245
2753 1395 1613
3597 2753 2754
3607 2744 2746
1616 2755 2754
2241 2757 1619
2190 2084 2759
2760 2758 2759
3647 2758 2760
3622 2190 2758
3208 3247 3222
1394 1393 2235
1394 2234 1635
1615 1634 2228
1616 2233 2762
2755 2762 3627
2764 2762 2233
2765 2763 3627
3201 3198 3245
1515 436 434
2767 2768 3551
1494 540 577
2134 2135 27
3525 3539 2772
1689 1688 3925
2777 2778 2779
2776 2779 2780
2783 2777 2776
3554 3520 574
1493 1903 8
3528 2015 2014
450 60 504
2785 2786 2787
2778 2785 2784
2788 2751 2740
2789 2752 2751
2791 2792 2793
2792 2794 2795
2795 2796 2749
2793 2795 2748
2797 1392 1395
3590 2797 2753
2797 2798 2799
3590 3661 2798
2796 2795 2794
2790 2793 2752
215 232 231
3803 2805 2806
3804 2808 2803
2768 2809 3556
182 184 183
2810 2811 2774
2803 2810 2775
2808 2812 2810
2811 2810 2812
3804 2807 2815
3795 2817 2814
3797 3799 2819
3792 2822 2818
2823 2735 2734
2822 2824 2823
2824 2822 2825
3792 2821 2826
3795 2816 2825
2712 2715 2828
2827 2828 2830
2821 2820 2827
2820 2819 2712
2831 2826 2821
2832 2831 2829
2833 2834 2831
2834 2817 2826
2836 2837 2838
2835 2838 2840
2841 2835 2839
2842 2836 2835
2839 2840 2844
2717 2843 2844
2729 2727 2843
2726 2839 2843
2845 2844 2840
2828 2845 2846
2846 2840 2838
2847 2838 2837
2832 2847 2848
2830 2846 2847
2849 2813 2850
2852 2849 2851
2782 2776 2781
2784 2787 2852
2779 2784 2855
2856 2857 2854
2858 2856 2781
2860 2842 2841
2859 2841 2726
2861 2859 2725
2862 2860 2859
2860 2862 2857
2842 2860 2856
2855 2852 2853
2780 2855 2863
2836 2842 2858
2837 2836 2863
2851 2850 2833
2853 2851 2848
2864 2814 2817
2850 2864 2834
2812 2808 2814
2813 2812 2864
2865 2811 2813
2787 2865 2849
2865 2787 2786
2811 2865 2866
1891 1888 1889
2719 2718 2845
297 298 255
2871 2713 2712
3793 3799 2734
2728 2729 2873
2845 2715 2714
2875 2876 2877
2732 2874 2877
3805 3806 2878
3805 2879 2871
2881 2882 2883
2880 2883 2714
2879 2880 2713
2878 2881 2880
2884 2885 2886
2887 2888 2889
2884 2889 2891
2892 2885 2884
1941 2150 2531
2894 2891 2719
2883 2894 2869
2882 2895 2894
2895 2890 2891
2888 2873 2716
2889 2716 2719
2896 2892 2890
2897 2896 2895
2898 2897 2882
2899 2898 2881
3796 2899 2878
2875 2901 2900
2900 2901 2903
1784 2655 1834
2904 2905 2898
2906 2907 2896
3796 2900 2902
631 575 576
3531 3546 2866
433 384 549
2767 2769 3639
2909 2910 1622
2240 2911 2757
3639 2769 2912
1622 2910 2756
3586 2241 2756
2228 1380 1379
2764 1629 1628
2914 2913 1628
3641 3640 2913
3640 3621 2764
2918 2915 3641
2917 2914 2911
3613 2917 2240
3617 2918 3612
3540 2176 2179
3520 2001 2187
3704 3572 713
2924 2765 2916
2923 2916 2915
3609 2923 2918
3610 2924 2923
2925 2926 2765
3657 2925 2924
1714 1712 1704
784 496 497
1386 650 564
373 374 1898
3572 2202 2205
2928 2929 2885
2931 2932 2933
1904 1905 1907
2929 2934 2935
2937 2934 2929
1492 368 516
1602 1584 1585
2938 2937 2928
2939 2938 2907
3664 1706 1599
2885 2929 2936
2905 2906 2897
2907 2928 2892
2941 2933 2932
2940 2932 2936
3500 2940 2935
3497 2941 2940
2942 2943 2709
2942 2872 2873
2944 2942 2888
2945 2943 2942
2931 2944 2887
2930 2945 2944
726 1927 1928
2902 2903 2946
544 593 41
1479 1569 532
2906 2905 2948
2905 2904 2949
1557 451 214
3798 2902 2947
2053 1644 1643
3704 3683 2202
1827 1836 1848
2952 2953 2954
2951 2954 2956
2955 2260 2257
2952 2951 2257
2453 2454 2473
3746 2957 2958
3746 2131 2130
2960 2961 2962
2957 2962 2963
221 220 2484
2476 2225 2965
2630 2560 2005
2383 2453 2495
2966 2967 2958
2967 2966 2969
3758 2032 2970
3783 2970 2959
2971 2970 2032
2006 2376 2972
3559 3558 2133
1835 1832 1831
3505 2187 2089
954 809 958
671 674 673
632 709 712
2023 731 732
2024 2023 802
424 1551 1549
2974 2975 887
1318 1157 1156
1211 1934 2976
888 956 2227
1977 1973 1974
1137 1077 1328
750 664 2978
1618 1612 1624
2251 2254 1727
1156 1159 844
2705 1935 1937
2979 2254 2253
2981 2974 886
801 711 710
677 676 2028
526 839 689
1838 1206 2628
2982 2983 601
2982 1913 1912
2984 2982 1330
2985 2983 2982
2986 2636 2634
2984 2987 2638
2989 1318 1317
2990 2991 2992
2994 2990 2993
1105 1057 2990
1057 1056 2991
1414 1405 1364
1316 921 2216
1931 1727 2254
925 2997 2998
3000 2992 2991
2999 2991 1056
2998 2999 2977
2997 3000 2999
3001 2997 2208
3001 3002 2995
2992 3000 3001
1102 1105 2994
3003 2994 2995
2208 2209 3003
587 1102 3003
294 295 432
2637 2638 2987
3004 2987 1055
1304 3004 1929
1275 2637 3004
1986 1967 1992
2632 1761 1760
1422 1421 1416
3560 3516 738
2670 2669 2703
1472 1871 2034
921 1316 2693
1400 1399 1377
555 2027 1883
841 847 3824
1853 2705 2616
932 1081 1080
1439 1440 1435
528 656 718
1030 1024 1026
776 912 911
2644 1204 1203
440 437 1537
789 1286 586
2064 2065 1609
1859 990 989
59 105 86
1423 1016 1947
331 1526 1506
260 261 137
186 187 448
1718 1719 1725
1930 1054 1058
3005 1058 1104
1286 3005 1103
1285 1930 3005
3006 3007 3008
3008 3007 652
617 998 25
2028 676 1209
956 600 599
1048 2145 2227
2630 889 3010
889 888 2226
3010 2226 2144
2560 3010 3011
1025 655 608
2705 1853 1960
3012 2964 2484
2147 2146 1266
3014 1266 1265
2996 2263 1100
641 640 1772
185 476 460
1040 1039 1319
1120 3015 3016
2983 2985 2986
3017 2986 2633
1047 602 3017
602 601 2983
2678 2677 800
2061 2071 2073
2060 2073 2075
413 302 1544
3015 1120 2682
3018 2682 2703
3019 3018 2669
3006 3015 3018
1870 1089 1090
3020 1786 1121
3021 3020 3016
1313 3020 3021
1783 1786 3020
1315 1314 1762
3022 3021 3009
3022 3008 794
1762 3022 1091
1314 3021 3022
3015 3006 3009
751 750 2977
2985 2638 2636
3023 653 652
3019 3023 3007
719 722 3023
722 2620 653
2680 1097 1267
2670 3024 1267
2704 2680 3024
1312 3025 3026
3025 3027 3028
3026 3028 3029
1310 3026 3030
2011 567 730
916 2656 973
742 1205 855
1887 2026 2029
2681 2704 2683
3031 2683 1123
1099 3031 2988
1098 2681 3031
1122 2989 2988
3032 1833 1158
2989 3032 1157
1122 1785 3032
1785 1784 1833
1053 1055 2987
2978 664 663
2622 2621 2662
1094 659 687
3033 3034 2260
3035 3033 2955
3036 3037 3033
3037 3038 3034
3039 3040 3025
2262 3041 3040
3041 3038 3042
3040 3042 3027
3043 3044 3042
3045 3046 3044
3046 3047 3048
3042 3044 3048
3037 3036 3050
3049 3050 3052
3051 3045 3043
3038 3037 3049
3053 3034 3038
3041 2262 2261
2260 3034 3053
2215 2262 2996
2211 2210 2666
3055 867 2208
933 3056 1960
2012 3754 3756
3057 3058 3059
3058 3061 3062
3059 3062 2212
3060 3059 1962
3062 3063 2213
3061 3064 3063
3064 2256 2259
3063 2259 2214
3065 3066 3030
2607 2965 3066
2965 2561 3067
3030 3066 3067
2454 2457 2460
2475 2222 2225
3550 2089 2088
3525 2773 3768
432 353 354
2114 1422 1418
3508 2867 2921
3768 3736 2130
3068 2610 2166
2970 2971 2927
2960 2773 2772
3069 2474 2477
2609 2608 3070
2501 2370 2373
3071 2591 2594
2963 3045 3051
3047 2592 3073
2592 2591 3074
3074 3029 3028
3073 3028 3027
3071 3075 3074
3075 3071 2481
2480 2607 3065
3075 3065 3029
2966 3051 3052
2481 3071 3072
478 479 492
705 3899 3872
3560 2193 2220
2012 2009 3753
3532 2031 2015
3561 3518 2221
1170 1153 1154
2585 2565 2564
2981 109 112
2561 2375 3076
2375 2374 3011
3011 2144 2147
3076 2147 3014
2962 3046 3045
3050 3077 2969
1682 2172 490
3849 2121 1446
1985 2180 3733
3078 3079 2545
3080 3078 2574
1982 1985 3767
3081 2322 2318
3079 3081 2544
3733 3731 3081
3731 3747 2322
1308 1470 1887
3072 2594 2771
2759 3082 3083
2759 2084 2087
3084 3083 3085
3088 3084 3089
3088 2761 3083
3091 3087 3089
3092 2747 2743
2750 2746 2747
3092 2740 2751
2741 2740 3092
3093 3092 2742
3095 3096 3097
3098 3095 3086
3096 3093 3094
3099 2742 2745
3100 2926 3101
2763 2765 2926
2744 2763 3100
3101 3091 3090
3099 3090 3094
2868 2801 3591
3101 3102 3103
3657 2867 2868
2926 2925 3102
3097 3094 3090
3086 3097 3089
2087 2124 3104
3082 3104 3085
2482 3072 2770
2400 2185 2184
3098 3085 3104
2124 2206 3105
3107 2736 2741
3106 2741 3093
3109 3107 3106
3108 3106 3096
3110 3108 3095
3111 3109 3108
3112 2737 2736
3114 2722 2721
3116 3114 3113
3118 3116 3115
3117 3115 3119
3115 3113 3112
3121 3111 3110
3121 3122 1754
3123 3124 3125
3124 3117 3120
3127 3118 3117
3128 3127 3124
2019 2711 3127
3852 3856 1345
1064 1045 1046
1813 3837 3829
2020 2019 3128
3110 3098 3105
3122 3105 2206
2376 2224 2223
3013 2484 112
1755 2207 3781
3130 3131 2529
3132 3130 2527
1752 1755 3766
3133 3123 3126
2326 2407 2313
2435 2317 2316
2017 2020 3710
2533 3135 3136
2319 2321 3135
2184 2017 3711
3137 3138 2541
3133 3134 3743
3784 3129 3133
3139 3137 2538
2534 3136 3139
3710 2020 3129
2557 2529 3131
3781 3759 3140
2559 2557 3140
3759 3776 3141
957 887 2975
1932 1931 2979
2398 2423 2417
2347 2341 2342
2321 2319 2318
2717 2716 2873
2708 2728 2872
2893 2870 1360
345 288 175
1875 1876 1881
2801 2802 3606
3103 3143 3087
2973 2221 3648
3088 3144 2760
3087 3143 3144
2802 2973 3602
3869 3908 691
2122 1418 1417
1364 1362 1367
1580 1765 1781
3568 2201 2128
3554 2002 2001
3145 2584 2550
3750 3145 3146
3741 3148 3145
3148 2583 2584
3195 3197 3196
3603 2191 2190
3141 3149 2555
3776 3777 3149
3645 3151 2549
3149 3150 2554
3777 3779 3150
3787 3780 3151
3152 3146 2550
3151 3152 2548
3780 3775 3152
3775 3749 3146
3147 2766 2205
2182 2400 2320
2131 2959 2927
3683 3684 2203
3718 2197 2196
2593 2961 2772
2594 2593 2950
1869 797 798
3712 2178 2177
3705 2177 3735
335 3153 3773
338 3154 3153
3788 3682 3148
3682 3696 2583
2962 2961 3047
3721 3729 336
338 337 2565
3155 3156 2167
2609 3155 2166
2953 2952 3155
3156 3155 2952
3706 2165 2168
2566 3157 3158
336 3157 2566
3729 3068 2165
3763 2189 1982
2578 3159 3080
2567 3158 3159
3708 2168 2189
3064 3061 3161
3160 3161 1983
3156 3160 2188
2256 3064 3160
733 734 1921
3058 3057 2707
3162 2707 2181
3161 3162 1984
3061 3058 3162
3202 3205 3204
2121 2118 1447
3816 1685 1684
138 139 443
1569 568 565
2956 3163 3164
2954 3165 3163
1911 453 340
3129 3128 3123
1547 321 318
1948 1949 1326
2968 2969 3077
3166 3077 3168
3723 2013 2016
3719 2016 2032
3167 3168 3164
3169 3164 3163
3778 3169 3170
3723 3167 3169
3170 3163 3165
3171 3165 3070
3751 3171 3172
3755 3170 3171
3168 3036 3035
2592 3047 2961
3172 3070 2608
3173 2608 2198
3782 3173 2197
3748 3172 3173
2189 2188 1983
2195 2194 2766
2118 2119 1413
1463 1462 1465
2198 2610 3068
2456 2455 2586
2225 2224 2561
480 477 1626
332 1511 234
3077 3050 3036
3039 2263 2996
2218 1933 1932
2384 2383 2496
220 2219 3174
2219 1932 3142
3174 3142 2975
2483 3174 2974
2953 3070 3165
2629 1857 109
1546 318 1951
2090 2089 2187
3732 3735 2177
1917 1918 1926
3562 111 110
954 955 959
2036 3013 111
3142 2979 2980
2217 2210 2213
671 3876 3786
2151 3012 3013
1146 1143 1142
2247 2245 1408
1614 1635 1634
1409 1408 2245
3240 3242 3241
1381 3175 3176
3176 1409 2246
2246 1382 3176
3175 2237 2229
1409 3176 3178
3178 3179 2242
1632 3180 2799
1620 1619 2757
1621 1620 2244
2235 1393 3180
2236 2235 3181
2249 1630 2232
2911 1628 1627
134 135 1563
1566 418 511
1084 1083 2652
3183 868 867
868 3183 3056
1265 1267 1097
1266 2146 721
936 1145 2645
2145 1048 721
2210 2217 920
1956 509 506
1312 1311 2263
1495 361 1492
2886 2936 2932
1686 1687 1658
144 1498 1497
36 37 417
1934 1933 3184
103 88 300
2100 2097 2082
542 297 359
1933 2218 3185
233 1520 211
3844 3820 1821
1975 1874 1873
222 3185 2218
3654 3655 3604
2164 2163 466
466 467 2164
772 475 2164
1934 1211 1727
3239 3224 3225
3260 3248 3249
3214 3215 3243
3264 3220 3214
3266 3244 3197
3204 3205 3268
3213 3210 3264
3270 3212 3213
3250 3251 3238
3221 3220 3265
3231 3234 3233
3215 3241 3242
3195 3192 3267
3243 3242 3253
3237 3238 3246
3263 3243 3254
3252 3241 3215
3210 3265 3220
3256 3216 3217
3257 3221 3271
3273 3274 3279
3227 3228 3261
3274 3230 3280
3225 3226 3272
3235 3262 3259
3280 3262 3235
3286 3270 3191
3234 3225 3279
3233 3279 3280
3287 3289 3258
3259 3249 3275
3288 3211 3277
3209 3208 3223
3198 3201 3200
3227 3230 3229
3289 3287 3284
3281 3278 3270
3259 3262 3261
3242 3240 3267
3266 3267 3240
3193 3206 3207
3190 3269 3268
3269 3190 3191
3274 3273 3229
3263 3268 3269
3251 3250 3275
3247 3251 3290
3212 3270 3278
3271 3265 3288
3276 3277 3211
3227 3262 3280
3219 3224 3252
3218 3252 3216
3255 3217 3221
3246 3238 3251
3244 3266 3231
3265 3210 3211
3207 3204 3254
3287 3288 3283
3203 3204 3207
559 1898 3186
3208 3209 3200
3188 3191 3190
447 1979 806
646 647 121
1832 1847 1779
509 508 507
3209 1948 1886
1886 14 3199
14 15 3196
15 3187 3194
3194 3187 3186
3193 3186 1898
3206 1898 374
386 172 125
3188 1790 1759
3576 762 756
762 3576 2171
3582 3581 3579
3580 3579 3578
3593 3596 3595
3399 3600 3601
3625 3623 3624
3630 3634 3598
3635 3636 3594
3646 3583 3587
3649 3581 3583
3652 3578 3579
3652 2175 3653
1800 1863 3655
3650 3579 3581
3643 3637 3594
1766 1767 3658
1596 3662 3660
1707 1706 3664
3670 3667 3666
3665 3666 3672
1587 1707 3663
2079 3670 3665
2081 3665 3671
3673 3676 3634
3676 3677 3635
3681 3646 3644
3691 3650 3649
3680 3644 3643
785 3693 3691
3693 3652 3650
784 3691 3685
496 3685 3681
649 3681 3680
3695 563 3680
3404 3605 3604
3701 3698 3677
3698 3697 3678
3644 3587 3637
1798 3656 3658
3707 3703 3457
3461 3709 3707
3713 462 563
3614 3605 3601
3709 3713 3695
3634 3635 3595
3628 3625 3626
3596 3599 3598
3629 3715 3714
3626 3624 3596
3716 3715 3722
3714 3662 3659
3715 3716 3724
3667 3664 3660
3667 3724 3716
3666 3716 3717
3726 3727 3672
3727 1575 3671
3725 3726 3717
1575 2100 2083
3726 3725 3730
3202 375 1386
3189 1386 1790
3282 2151 1948
316 239 258
1999 2175 3652
3600 3598 3599
3588 3587 3583
3576 757 755
3584 3583 3581
3677 3678 3636
3203 374 375
1800 3654 3656
3728 3734 3727
1574 3734 3737
3734 1574 1575
1775 1794 1795
1292 1293 1289
1325 13 1326
1293 1244 1233
877 1243 1329
496 372 373
121 647 412
3698 3701 3703
3605 3404 3400
3707 3709 3697
3463 3713 3709
3703 3673 3442
438 397 398
1511 1527 1525
1667 1740 1737
838 848 1361
1361 1356 825
3842 739 1895
2052 2053 2117
3887 3886 2119
695 696 3815
1825 1877 638
3739 3738 3728
955 884 885
1979 805 1921
32 33 104
1342 1343 3855
3906 2126 2127
1765 1580 1581
13 1325 2162
594 97 98
3232 3237 3245
1345 1034 1043
747 1887 1424
3192 3207 3253
3189 3190 3205
3611 3604 3605
3623 3611 3614
3630 3414 3442
3678 3679 3643
3685 3649 3646
3701 3676 3673
3624 3614 3599
3600 3399 3414
3738 3737 3734
3629 3626 3593
3740 3722 3715
1283 1289 1287
3697 3695 3679
1777 1780 1779
1791 1758 1583
694 569 570
3637 3740 3593
3740 3637 3587
3246 3247 3208
3291 3292 3293
3295 3296 3297
3298 3297 3299
3301 3302 3303
3305 3306 3307
3306 3309 3310
3302 3301 3300
3311 3304 3303
3313 3314 3315
3317 3318 3319
3323 3317 3320
3325 3326 3327
3328 3329 3330
3332 3333 3334
3336 3337 3338
3332 3335 3340
3341 3340 3342
3318 3344 3343
3337 3334 3333
3345 3300 3301
3304 3347 3346
3311 3223 3222
3349 3336 3339
3311 3348 3347
3351 3342 3340
3310 3352 3353
3340 3335 3326
3358 3359 3360
3359 3358 3249
3317 3362 3344
3363 3362 3317
3313 3363 3323
3365 3298 3300
3298 3365 3366
3307 3353 3367
3368 3316 3294
3316 3368 3363
3369 3294 3316
3324 3370 3364
3351 3319 3318
3295 3366 3352
3296 3295 3310
3362 3367 3353
3344 3353 3352
3343 3352 3366
3365 3332 3341
3346 3338 3333
3338 3346 3347
3347 3348 3350
3362 3363 3368
3293 3308 3367
3292 3305 3308
3330 3372 3373
3345 3333 3332
3322 3321 3351
3355 3354 3320
3354 3356 3324
3356 3357 3370
3321 3355 3319
3360 3329 3328
3372 3371 3374
3373 3374 3375
3328 3331 3375
3326 3374 3371
3335 3334 3374
3334 3337 3375
3375 3337 3336
3336 3349 3358
3358 3349 3275
3376 3291 3294
3276 3315 3314
3370 3377 3378
3377 3370 3357
3364 3378 3314
3315 3276 3278
3281 3376 3369
3312 3282 3223
3377 3284 3283
3379 3285 3284
3378 3283 3277
3275 3349 3350
3290 3350 3348
3312 3303 2964
2964 3303 3302
221 3302 3299
222 3299 3297
3297 3296 3184
3296 3309 2976
3309 3306 1212
3306 3305 1213
2531 1213 3305
2893 2531 3292
2870 2893 3291
3252 3224 3239
3282 3312 3012
1996 1995 1888
1236 744 743
1534 1533 119
1530 1531 200
1118 1240 1031
945 947 823
162 7 4
3588 3725 3722
1154 1155 1161
426 212 326
552 1901 795
3380 2231 2230
3380 3177 2229
2236 3182 3179
3382 3383 3384
3383 3385 3386
3385 3387 3388
3387 3389 3390
3391 3392 3393
3394 3393 3395
3397 3398 3396
3399 3400 3398
3402 3403 3404
3405 3406 3403
3407 3408 3406
3409 3410 3408
3411 3412 3410
3414 3399 3397
3413 3397 3395
3415 3395 3393
3416 3393 3392
3392 3418 3419
3418 3389 3420
3389 3387 3421
3387 3385 3422
3385 3383 3423
3383 3382 3424
3424 3382 3425
2903 3426 3427
3428 3426 2903
3429 3428 2901
2874 3430 3429
3431 3432 2732
2824 3433 3434
3436 3437 3438
3440 3436 3435
2723 2722 3433
3435 3438 3114
3439 3435 3116
3442 3414 3413
3441 3413 3415
3443 3415 3416
3444 3416 3417
3445 3417 3419
3419 3420 3447
3420 3421 3448
3421 3422 3449
3422 3423 3450
3423 3424 3451
3424 3183 3055
3450 3451 2252
3449 3450 2251
3448 3449 1726
3447 3448 2149
3452 3446 3447
3453 3445 3446
3454 3444 3445
3455 3443 3444
3441 3443 3455
3442 3441 3456
3458 3459 3457
3456 3455 3454
3458 3454 3453
3461 3459 3458
3460 3453 3452
3463 3461 3460
3462 3452 1940
3403 3398 3400
3406 3396 3398
3408 3394 3396
3410 3391 3394
3464 3465 3412
3466 3467 3468
3464 3411 3430
3469 3466 3465
3437 3469 3431
3466 3469 3437
3467 3466 3436
3470 3468 3467
3471 3467 3440
3472 3440 3439
2711 3439 3118
3474 3470 3471
3473 3471 3472
3475 3472 2711
3476 3475 2710
3477 3473 3475
3478 3474 3473
3391 3410 3412
3465 3468 3479
3418 3392 3391
3389 3418 3479
3468 3470 3390
3388 3390 3470
3386 3388 3474
3384 3386 3478
3481 3476 2399
3482 3477 3476
3480 3478 3477
3483 3481 2401
3057 3483 2706
3060 3484 3483
3484 3482 3481
3381 3384 3480
3485 3480 3482
3425 3382 3381
3486 3381 3485
3485 3484 3060
1960 3056 3486
3056 3183 3425
3427 3402 3401
3426 3405 3402
3428 3407 3405
3429 3409 3407
3430 3411 3409
3469 3464 3432
3433 3438 3437
2722 3114 3438
2874 2732 3432
2735 2823 3434
2946 3427 3487
3463 3462 1359
1899 1924 1923
1735 1716 1717
1954 1951 1942
1670 1737 1734
1695 1749 1697
1799 1864 1863
2062 2054 2055
1736 1733 1716
1750 1734 1696
942 3884 3898
3655 3487 3401
1576 1577 1763
3916 1597 1598
1944 145 81
67 5 6
146 1541 1542
1108 1134 1132
1502 1909 1906
1498 1500 1908
451 1921 734
1823 2067 3834
1824 2066 2067
1462 1461 1021
840 1011 1008
1567 1546 1954
1909 1502 1501
1938 1501 421
308 279 1939
1803 1850 1865
268 1481 1953
2064 1606 2059
3811 1684 1757
279 275 551
1874 1872 1868
1738 1720 1733
1777 1778 1789
309 1919 1914
1908 1907 1905
1788 1782 1777
977 980 979
1583 1758 1730
424 425 310
147 1542 114
2043 3896 3893
276 1909 1938
1942 1945 1944
1460 1461 1462
2252 3451 3055
2980 2253 3488
2208 2997 3488
2253 2252 3054
2997 925 957
2825 2816 2720
3489 2738 2720
2815 3490 3489
2333 2296 2295
2297 2296 2333
2300 2297 2335
2310 2300 2337
2311 2310 2353
2358 2357 2360
2334 2295 2358
2413 2412 2364
2412 2269 2360
2354 2351 2539
2540 2539 2538
2721 2720 2738
3113 2721 2737
3109 3111 3120
3107 3109 3119
3121 1753 3126
3111 3121 3125
3126 1753 1752
3138 3132 2528
3743 3774 3132
3489 2788 2739
3490 2789 2788
227 228 90
244 243 242
247 6 246
1 296 295
144 145 299
326 212 209
328 331 330
238 240 239
372 375 374
177 176 175
1217 1224 1227
3861 1230 1294
807 808 823
3857 3858 1012
3812 3809 1410
2153 2148 2158
3844 3834 1757
305 806 1921
2156 2152 1975
707 708 2030
1449 1225 1226
1671 1603 1604
1812 1813 1820
1716 1715 1714
175 158 401
1709 1704 3915
1711 1579 1576
1704 1712 1710
970 977 978
821 822 1093
2908 2809 2792
2809 2768 2794
2798 2909 2248
3661 3642 2909
2768 2767 2800
3176 3175 3177
3177 3380 3179
3180 1393 1392
3180 1632 1631
3181 1631 2243
3182 2243 2242
3491 2790 2789
2807 3491 3490
2238 3573 3571
1148 1149 3570
1149 2008 3566
2201 3568 3565
2920 3563 3564
3567 3559 2132
1776 1578 1758
1200 1195 1182
3560 3553 2194
3552 3575 2769
3926 3924 1686
1515 151 153
3548 3561 2973
3549 3547 2778
2770 2771 3574
3069 2770 3545
3546 3543 2774
1375 1374 1369
2766 3542 3555
2194 3553 3542
2774 3543 3541
3376 3281 3544
3803 3801 3538
2775 3541 3537
2239 3571 3534
2919 3534 3668
3547 3533 2785
1804 1849 1850
3533 3531 2786
2950 2772 3539
2771 2950 3530
2972 2223 3529
2223 2222 3536
1956 1952 319
305 304 303
2769 3575 3527
2912 3527 3573
2922 3564 3526
307 1939 430
206 207 131
1878 1875 1880
3732 3786 3524
2474 3069 3557
2475 2474 3523
2222 2475 3522
3521 3548 2802
2036 3562 10
1958 1957 449
2002 3554 3519
8 9 333
2008 2007 3517
2007 2972 3535
3876 671 672
3514 3549 2777
2934 3513 3512
110 1148 3569
3509 3513 2934
682 3875 3884
3507 3556 2809
735 732 731
1794 1803 1802
3504 3509 2937
3506 3504 2938
2949 3511 3503
2939 2948 3503
3800 3790 3511
2867 3508 3501
2868 3501 3521
1023 1033 1022
3499 3502 2947
550 1938 441
2971 3498 3567
2031 3532 3498
215 92 1923
202 201 200
1827 1847 1846
1957 1956 448
271 270 177
2870 3544 3494
3618 3668 3563
2800 2767 3642
2004 3757 3653
959 885 898
3656 3654 3611
3779 3787 3645
3150 3645 3592
2192 3603 3622
3606 3602 3144
3602 3648 2760
3591 3606 3143
2925 3657 3633
3633 3591 3103
3754 3753 3745
565 566 3757
3487 3655 1863
1601 1585 2078
2867 3657 3610
2921 3610 3609
2922 3609 3617
3669 3612 2917
3618 3669 3613
2920 3617 3669
2919 3613 3585
3612 3641 2914
2916 2765 3621
2915 2916 3640
2238 3586 3651
2910 3639 3651
3642 3639 2910
2796 2800 3661
2796 3590 3597
3621 3627 2762
3607 3627 2763
2193 3622 3647
2220 3647 3648
2755 3607 3608
2749 3597 3608
3668 3534 1816
3762 3769 1690
2514 3620 3589
2547 3589 3592
2512 2488 3631
2512 3615 3620
2508 3632 3619
2509 3631 3632
2288 3619 3638
2282 3638 3616
2239 3585 3586
3658 3656 3623
715 2120 3886
726 1998 3760
2164 2170 2169
3659 3658 3625
3742 3580 3577
2174 2171 768
2099 499 2094
3757 566 3756
639 3559 3567
1652 3575 3552
1894 3535 3529
745 3529 3536
1652 1809 3527
3761 1602 1603
2092 2074 2072
958 995 994
961 898 918
1399 1400 1397
999 816 1126
955 958 883
1661 3547 3549
2033 3557 3545
3925 1688 3538
3534 3571 765
3571 3573 764
333 3569 3570
1867 3530 3539
1683 1650 1651
1681 1682 774
1584 1602 3761
3762 3761 1671
2172 2173 489
1657 3543 3546
3555 3542 1649
1570 3753 2009
1586 3663 3670
2098 2094 2076
786 3760 1998
1999 3693 785
3154 338 3696
3712 3154 3682
2179 2178 3684
3495 2179 3683
1683 3845 3839
1759 463 3494
2606 3688 3692
2580 3675 3688
2370 2501 3699
2370 3694 3692
2586 3675 3674
2585 3674 3696
2496 3690 3686
2501 2502 3686
2493 3690 3689
3689 3687 2471
3687 3700 2467
3700 3702 2468
725 3907 3891
580 3566 3517
9 3510 3569
1836 3513 3509
740 3536 3522
1298 3523 3557
1850 3506 3503
3526 3564 1819
579 3517 3535
1757 1684 3521
1692 3556 3507
3503 3511 1866
1893 1825 3567
2125 1417 3812
3905 2125 3840
2112 3910 3866
2178 3712 3788
623 3902 3903
2191 3603 3787
2176 3540 3786
1363 3823 3832
3857 3854 1469
3134 1752 3774
2068 3811 3834
1350 3860 3852
2107 3881 3900
2088 2091 3735
3827 3833 1357
2000 3748 3782
2186 3782 3718
2129 3755 3751
2003 3751 3748
2013 3723 3778
2200 3778 3755
3166 3719 3758
3167 3723 3719
3158 3708 3763
3159 3763 3764
3729 3706 3157
3157 3706 3708
2199 3068 3729
3684 3788 3741
3721 3773 2196
3789 3735 2091
3773 3789 3720
3153 3705 3789
3154 3712 3705
2090 3718 3720
2195 3147 3749
2192 2195 3775
3603 2192 3780
2085 2191 3779
2086 2085 3777
2203 3741 3750
2204 3750 3749
3908 3885 573
2123 2086 3776
2207 2123 3759
3710 3784 3139
3784 3744 3137
3744 3743 3138
3770 3711 3135
3711 3710 3136
3774 3766 3130
3766 3781 3131
1812 3838 3837
1292 3853 3855
2183 2320 3747
2180 2183 3731
3764 3767 3078
3767 3733 3079
708 3872 3874
2773 2960 3736
3785 3768 2133
3808 3807 765
2967 3783 3765
2968 3758 3783
2957 3746 3736
2131 3746 3765
2320 2184 3770
3859 3847 1448
3904 3873 581
3885 3888 576
3846 3825 1817
704 3901 3886
3815 3911 3906
2110 3882 3910
3809 3828 1365
1811 3838 3821
674 3850 3851
3495 3704 3850
2109 3866 3867
2103 3895 3900
2108 3867 3898
3841 3830 702
1679 3810 3845
1638 1626 3818
622 3903 3905
2138 2139 3865
1807 1639 3843
3819 3820 1818
3871 3913 3899
1645 3831 3829
3888 3889 632
2138 3864 3874
2155 2154 3870
673 3851 3912
2116 3816 3811
1814 3821 3846
3854 3848 1443
696 3905 3911
865 841 3835
3863 3868 2135
3584 3730 3725
3582 3739 3730
3752 3745 3737
3739 3582 3580
1087 3737 3745
3738 3739 3742
2790 3491 3492
3491 2807 2806
2791 3492 3493
3492 2806 2805
3507 2908 3493
3515 3493 2805
2947 3502 3790
2104 3907 3895
3537 3801 3803
679 3877 3875
1890 1889 3909
2904 3798 3800
2899 3796 3798
2900 3796 3806
2733 2877 3805
2876 3806 3805
2819 3799 3793
2817 3795 3791
2822 3792 3791
2821 3792 3797
2818 2734 3799
2816 3795 3794
2808 3804 3794
2807 3804 3802
2804 3803 3802
1701 3920 3922
3921 3919 1796
3914 3915 1705
3917 3926 1691
1656 3897 3879
1889 1876 3894
3771 3769 1673
1688 1689 3771
3925 3801 3537
3515 3538 1688
3916 3922 1702
1597 3916 3927
3879 3883 1875
1690 1689 3924
3924 3925 1687
3514 2941 3497
2857 1747 2862
2857 2709 2943
2709 2857 2708
2861 2731 2862
2857 2730 2708
2730 2857 2862
2731 2730 2862
1595 1746 1747
1852 3514 3497
1862 1665 1830
1739 1862 1860
1862 1739 1665
1666 1835 1830
1665 1666 1830
1852 1666 3514
1666 1852 1835
1739 1666 1665
2930 2782 2945
1573 1742 1860
1742 1739 1860
1742 1573 1572
1594 1742 1572
1742 1595 1747
1742 1594 1595
2857 1742 1747
2782 2854 2945
2854 2857 2943
2945 2854 2943
2854 1742 2857
1742 2854 1739
2933 2783 2930
2783 2782 2930
2783 2941 3514
2783 2933 2941
2783 2854 2782
2854 2783 1739
1666 2783 3514
2783 1666 1739
3229 3255 3257
3228 3229 3257
3229 3273 3255
3285 3359 3248
3219 3218 3226
3255 3218 3257
3218 3219 3257
3260 3285 3248
3285 3260 3289
3218 3272 3226
3379 3285 3289
3379 3359 3285
3359 3360 3329
3360 3379 3357
3379 3360 3359
3356 3360 3357
3360 3356 3329
3356 3322 3354
3261 3228 3257
3261 3260 3228
3260 3261 3289
3256 3218 3255
3256 3272 3218
3273 3256 3255
3272 3256 3273
3355 3372 3354
3372 3330 3354
3356 3330 3329
3330 3356 3354
3258 3261 3257
3261 3258 3289
3357 3258 3257
3379 3258 3357
3258 3379 3289
3355 3371 3372
3322 3321 3354
3321 3355 3354
3321 3322 3327
3371 3321 3327
3321 3371 3355
